"longitude","latitude","LON","LAT"
-163.75,50.625,-163.75,50.625
-163.25,50.625,-163.25,50.625
-162.75,50.625,-162.75,50.625
-162.25,50.625,-162.25,50.625
-161.75,50.625,-161.75,50.625
-161.25,50.625,-161.25,50.625
-160.75,50.625,-160.75,50.625
-160.25,50.625,-160.25,50.625
-159.75,50.625,-159.75,50.625
-159.25,50.625,-159.25,50.625
-158.75,50.625,-158.75,50.625
-158.25,50.625,-158.25,50.625
-157.75,50.625,-157.75,50.625
-157.25,50.625,-157.25,50.625
-156.75,50.625,-156.75,50.625
-156.25,50.625,-156.25,50.625
-155.75,50.625,-155.75,50.625
-155.25,50.625,-155.25,50.625
-154.75,50.625,-154.75,50.625
-154.25,50.625,-154.25,50.625
-153.75,50.625,-153.75,50.625
-153.25,50.625,-153.25,50.625
-152.75,50.625,-152.75,50.625
-152.25,50.625,-152.25,50.625
-151.75,50.625,-151.75,50.625
-151.25,50.625,-151.25,50.625
-150.75,50.625,-150.75,50.625
-150.25,50.625,-150.25,50.625
-149.75,50.625,-149.75,50.625
-149.25,50.625,-149.25,50.625
-148.75,50.625,-148.75,50.625
-148.25,50.625,-148.25,50.625
-147.75,50.625,-147.75,50.625
-147.25,50.625,-147.25,50.625
-146.75,50.625,-146.75,50.625
-146.25,50.625,-146.25,50.625
-145.75,50.625,-145.75,50.625
-145.25,50.625,-145.25,50.625
-144.75,50.625,-144.75,50.625
-144.25,50.625,-144.25,50.625
-143.75,50.625,-143.75,50.625
-143.25,50.625,-143.25,50.625
-142.75,50.625,-142.75,50.625
-142.25,50.625,-142.25,50.625
-141.75,50.625,-141.75,50.625
-141.25,50.625,-141.25,50.625
-140.75,50.625,-140.75,50.625
-140.25,50.625,-140.25,50.625
-139.75,50.625,-139.75,50.625
-139.25,50.625,-139.25,50.625
-138.75,50.625,-138.75,50.625
-138.25,50.625,-138.25,50.625
-137.75,50.625,-137.75,50.625
-137.25,50.625,-137.25,50.625
-136.75,50.625,-136.75,50.625
-136.25,50.625,-136.25,50.625
-135.75,50.625,-135.75,50.625
-135.25,50.625,-135.25,50.625
-134.75,50.625,-134.75,50.625
-134.25,50.625,-134.25,50.625
-133.75,50.625,-133.75,50.625
-133.25,50.625,-133.25,50.625
-132.75,50.625,-132.75,50.625
-132.25,50.625,-132.25,50.625
-163.75,50.875,-163.75,50.875
-163.25,50.875,-163.25,50.875
-162.75,50.875,-162.75,50.875
-162.25,50.875,-162.25,50.875
-161.75,50.875,-161.75,50.875
-161.25,50.875,-161.25,50.875
-160.75,50.875,-160.75,50.875
-160.25,50.875,-160.25,50.875
-159.75,50.875,-159.75,50.875
-159.25,50.875,-159.25,50.875
-158.75,50.875,-158.75,50.875
-158.25,50.875,-158.25,50.875
-157.75,50.875,-157.75,50.875
-157.25,50.875,-157.25,50.875
-156.75,50.875,-156.75,50.875
-156.25,50.875,-156.25,50.875
-155.75,50.875,-155.75,50.875
-155.25,50.875,-155.25,50.875
-154.75,50.875,-154.75,50.875
-154.25,50.875,-154.25,50.875
-153.75,50.875,-153.75,50.875
-153.25,50.875,-153.25,50.875
-152.75,50.875,-152.75,50.875
-152.25,50.875,-152.25,50.875
-151.75,50.875,-151.75,50.875
-151.25,50.875,-151.25,50.875
-150.75,50.875,-150.75,50.875
-150.25,50.875,-150.25,50.875
-149.75,50.875,-149.75,50.875
-149.25,50.875,-149.25,50.875
-148.75,50.875,-148.75,50.875
-148.25,50.875,-148.25,50.875
-147.75,50.875,-147.75,50.875
-147.25,50.875,-147.25,50.875
-146.75,50.875,-146.75,50.875
-146.25,50.875,-146.25,50.875
-145.75,50.875,-145.75,50.875
-145.25,50.875,-145.25,50.875
-144.75,50.875,-144.75,50.875
-144.25,50.875,-144.25,50.875
-143.75,50.875,-143.75,50.875
-143.25,50.875,-143.25,50.875
-142.75,50.875,-142.75,50.875
-142.25,50.875,-142.25,50.875
-141.75,50.875,-141.75,50.875
-141.25,50.875,-141.25,50.875
-140.75,50.875,-140.75,50.875
-140.25,50.875,-140.25,50.875
-139.75,50.875,-139.75,50.875
-139.25,50.875,-139.25,50.875
-138.75,50.875,-138.75,50.875
-138.25,50.875,-138.25,50.875
-137.75,50.875,-137.75,50.875
-137.25,50.875,-137.25,50.875
-136.75,50.875,-136.75,50.875
-136.25,50.875,-136.25,50.875
-135.75,50.875,-135.75,50.875
-135.25,50.875,-135.25,50.875
-134.75,50.875,-134.75,50.875
-134.25,50.875,-134.25,50.875
-133.75,50.875,-133.75,50.875
-133.25,50.875,-133.25,50.875
-132.75,50.875,-132.75,50.875
-132.25,50.875,-132.25,50.875
-163.75,51.125,-163.75,51.125
-163.25,51.125,-163.25,51.125
-162.75,51.125,-162.75,51.125
-162.25,51.125,-162.25,51.125
-161.75,51.125,-161.75,51.125
-161.25,51.125,-161.25,51.125
-160.75,51.125,-160.75,51.125
-160.25,51.125,-160.25,51.125
-159.75,51.125,-159.75,51.125
-159.25,51.125,-159.25,51.125
-158.75,51.125,-158.75,51.125
-158.25,51.125,-158.25,51.125
-157.75,51.125,-157.75,51.125
-157.25,51.125,-157.25,51.125
-156.75,51.125,-156.75,51.125
-156.25,51.125,-156.25,51.125
-155.75,51.125,-155.75,51.125
-155.25,51.125,-155.25,51.125
-154.75,51.125,-154.75,51.125
-154.25,51.125,-154.25,51.125
-153.75,51.125,-153.75,51.125
-153.25,51.125,-153.25,51.125
-152.75,51.125,-152.75,51.125
-152.25,51.125,-152.25,51.125
-151.75,51.125,-151.75,51.125
-151.25,51.125,-151.25,51.125
-150.75,51.125,-150.75,51.125
-150.25,51.125,-150.25,51.125
-149.75,51.125,-149.75,51.125
-149.25,51.125,-149.25,51.125
-148.75,51.125,-148.75,51.125
-148.25,51.125,-148.25,51.125
-147.75,51.125,-147.75,51.125
-147.25,51.125,-147.25,51.125
-146.75,51.125,-146.75,51.125
-146.25,51.125,-146.25,51.125
-145.75,51.125,-145.75,51.125
-145.25,51.125,-145.25,51.125
-144.75,51.125,-144.75,51.125
-144.25,51.125,-144.25,51.125
-143.75,51.125,-143.75,51.125
-143.25,51.125,-143.25,51.125
-142.75,51.125,-142.75,51.125
-142.25,51.125,-142.25,51.125
-141.75,51.125,-141.75,51.125
-141.25,51.125,-141.25,51.125
-140.75,51.125,-140.75,51.125
-140.25,51.125,-140.25,51.125
-139.75,51.125,-139.75,51.125
-139.25,51.125,-139.25,51.125
-138.75,51.125,-138.75,51.125
-138.25,51.125,-138.25,51.125
-137.75,51.125,-137.75,51.125
-137.25,51.125,-137.25,51.125
-136.75,51.125,-136.75,51.125
-136.25,51.125,-136.25,51.125
-135.75,51.125,-135.75,51.125
-135.25,51.125,-135.25,51.125
-134.75,51.125,-134.75,51.125
-134.25,51.125,-134.25,51.125
-133.75,51.125,-133.75,51.125
-133.25,51.125,-133.25,51.125
-132.75,51.125,-132.75,51.125
-132.25,51.125,-132.25,51.125
-163.75,51.375,-163.75,51.375
-163.25,51.375,-163.25,51.375
-162.75,51.375,-162.75,51.375
-162.25,51.375,-162.25,51.375
-161.75,51.375,-161.75,51.375
-161.25,51.375,-161.25,51.375
-160.75,51.375,-160.75,51.375
-160.25,51.375,-160.25,51.375
-159.75,51.375,-159.75,51.375
-159.25,51.375,-159.25,51.375
-158.75,51.375,-158.75,51.375
-158.25,51.375,-158.25,51.375
-157.75,51.375,-157.75,51.375
-157.25,51.375,-157.25,51.375
-156.75,51.375,-156.75,51.375
-156.25,51.375,-156.25,51.375
-155.75,51.375,-155.75,51.375
-155.25,51.375,-155.25,51.375
-154.75,51.375,-154.75,51.375
-154.25,51.375,-154.25,51.375
-153.75,51.375,-153.75,51.375
-153.25,51.375,-153.25,51.375
-152.75,51.375,-152.75,51.375
-152.25,51.375,-152.25,51.375
-151.75,51.375,-151.75,51.375
-151.25,51.375,-151.25,51.375
-150.75,51.375,-150.75,51.375
-150.25,51.375,-150.25,51.375
-149.75,51.375,-149.75,51.375
-149.25,51.375,-149.25,51.375
-148.75,51.375,-148.75,51.375
-148.25,51.375,-148.25,51.375
-147.75,51.375,-147.75,51.375
-147.25,51.375,-147.25,51.375
-146.75,51.375,-146.75,51.375
-146.25,51.375,-146.25,51.375
-145.75,51.375,-145.75,51.375
-145.25,51.375,-145.25,51.375
-144.75,51.375,-144.75,51.375
-144.25,51.375,-144.25,51.375
-143.75,51.375,-143.75,51.375
-143.25,51.375,-143.25,51.375
-142.75,51.375,-142.75,51.375
-142.25,51.375,-142.25,51.375
-141.75,51.375,-141.75,51.375
-141.25,51.375,-141.25,51.375
-140.75,51.375,-140.75,51.375
-140.25,51.375,-140.25,51.375
-139.75,51.375,-139.75,51.375
-139.25,51.375,-139.25,51.375
-138.75,51.375,-138.75,51.375
-138.25,51.375,-138.25,51.375
-137.75,51.375,-137.75,51.375
-137.25,51.375,-137.25,51.375
-136.75,51.375,-136.75,51.375
-136.25,51.375,-136.25,51.375
-135.75,51.375,-135.75,51.375
-135.25,51.375,-135.25,51.375
-134.75,51.375,-134.75,51.375
-134.25,51.375,-134.25,51.375
-133.75,51.375,-133.75,51.375
-133.25,51.375,-133.25,51.375
-132.75,51.375,-132.75,51.375
-132.25,51.375,-132.25,51.375
-163.75,51.625,-163.75,51.625
-163.25,51.625,-163.25,51.625
-162.75,51.625,-162.75,51.625
-162.25,51.625,-162.25,51.625
-161.75,51.625,-161.75,51.625
-161.25,51.625,-161.25,51.625
-160.75,51.625,-160.75,51.625
-160.25,51.625,-160.25,51.625
-159.75,51.625,-159.75,51.625
-159.25,51.625,-159.25,51.625
-158.75,51.625,-158.75,51.625
-158.25,51.625,-158.25,51.625
-157.75,51.625,-157.75,51.625
-157.25,51.625,-157.25,51.625
-156.75,51.625,-156.75,51.625
-156.25,51.625,-156.25,51.625
-155.75,51.625,-155.75,51.625
-155.25,51.625,-155.25,51.625
-154.75,51.625,-154.75,51.625
-154.25,51.625,-154.25,51.625
-153.75,51.625,-153.75,51.625
-153.25,51.625,-153.25,51.625
-152.75,51.625,-152.75,51.625
-152.25,51.625,-152.25,51.625
-151.75,51.625,-151.75,51.625
-151.25,51.625,-151.25,51.625
-150.75,51.625,-150.75,51.625
-150.25,51.625,-150.25,51.625
-149.75,51.625,-149.75,51.625
-149.25,51.625,-149.25,51.625
-148.75,51.625,-148.75,51.625
-148.25,51.625,-148.25,51.625
-147.75,51.625,-147.75,51.625
-147.25,51.625,-147.25,51.625
-146.75,51.625,-146.75,51.625
-146.25,51.625,-146.25,51.625
-145.75,51.625,-145.75,51.625
-145.25,51.625,-145.25,51.625
-144.75,51.625,-144.75,51.625
-144.25,51.625,-144.25,51.625
-143.75,51.625,-143.75,51.625
-143.25,51.625,-143.25,51.625
-142.75,51.625,-142.75,51.625
-142.25,51.625,-142.25,51.625
-141.75,51.625,-141.75,51.625
-141.25,51.625,-141.25,51.625
-140.75,51.625,-140.75,51.625
-140.25,51.625,-140.25,51.625
-139.75,51.625,-139.75,51.625
-139.25,51.625,-139.25,51.625
-138.75,51.625,-138.75,51.625
-138.25,51.625,-138.25,51.625
-137.75,51.625,-137.75,51.625
-137.25,51.625,-137.25,51.625
-136.75,51.625,-136.75,51.625
-136.25,51.625,-136.25,51.625
-135.75,51.625,-135.75,51.625
-135.25,51.625,-135.25,51.625
-134.75,51.625,-134.75,51.625
-134.25,51.625,-134.25,51.625
-133.75,51.625,-133.75,51.625
-133.25,51.625,-133.25,51.625
-132.75,51.625,-132.75,51.625
-132.25,51.625,-132.25,51.625
-163.75,51.875,-163.75,51.875
-163.25,51.875,-163.25,51.875
-162.75,51.875,-162.75,51.875
-162.25,51.875,-162.25,51.875
-161.75,51.875,-161.75,51.875
-161.25,51.875,-161.25,51.875
-160.75,51.875,-160.75,51.875
-160.25,51.875,-160.25,51.875
-159.75,51.875,-159.75,51.875
-159.25,51.875,-159.25,51.875
-158.75,51.875,-158.75,51.875
-158.25,51.875,-158.25,51.875
-157.75,51.875,-157.75,51.875
-157.25,51.875,-157.25,51.875
-156.75,51.875,-156.75,51.875
-156.25,51.875,-156.25,51.875
-155.75,51.875,-155.75,51.875
-155.25,51.875,-155.25,51.875
-154.75,51.875,-154.75,51.875
-154.25,51.875,-154.25,51.875
-153.75,51.875,-153.75,51.875
-153.25,51.875,-153.25,51.875
-152.75,51.875,-152.75,51.875
-152.25,51.875,-152.25,51.875
-151.75,51.875,-151.75,51.875
-151.25,51.875,-151.25,51.875
-150.75,51.875,-150.75,51.875
-150.25,51.875,-150.25,51.875
-149.75,51.875,-149.75,51.875
-149.25,51.875,-149.25,51.875
-148.75,51.875,-148.75,51.875
-148.25,51.875,-148.25,51.875
-147.75,51.875,-147.75,51.875
-147.25,51.875,-147.25,51.875
-146.75,51.875,-146.75,51.875
-146.25,51.875,-146.25,51.875
-145.75,51.875,-145.75,51.875
-145.25,51.875,-145.25,51.875
-144.75,51.875,-144.75,51.875
-144.25,51.875,-144.25,51.875
-143.75,51.875,-143.75,51.875
-143.25,51.875,-143.25,51.875
-142.75,51.875,-142.75,51.875
-142.25,51.875,-142.25,51.875
-141.75,51.875,-141.75,51.875
-141.25,51.875,-141.25,51.875
-140.75,51.875,-140.75,51.875
-140.25,51.875,-140.25,51.875
-139.75,51.875,-139.75,51.875
-139.25,51.875,-139.25,51.875
-138.75,51.875,-138.75,51.875
-138.25,51.875,-138.25,51.875
-137.75,51.875,-137.75,51.875
-137.25,51.875,-137.25,51.875
-136.75,51.875,-136.75,51.875
-136.25,51.875,-136.25,51.875
-135.75,51.875,-135.75,51.875
-135.25,51.875,-135.25,51.875
-134.75,51.875,-134.75,51.875
-134.25,51.875,-134.25,51.875
-133.75,51.875,-133.75,51.875
-133.25,51.875,-133.25,51.875
-132.75,51.875,-132.75,51.875
-132.25,51.875,-132.25,51.875
-163.75,52.125,-163.75,52.125
-163.25,52.125,-163.25,52.125
-162.75,52.125,-162.75,52.125
-162.25,52.125,-162.25,52.125
-161.75,52.125,-161.75,52.125
-161.25,52.125,-161.25,52.125
-160.75,52.125,-160.75,52.125
-160.25,52.125,-160.25,52.125
-159.75,52.125,-159.75,52.125
-159.25,52.125,-159.25,52.125
-158.75,52.125,-158.75,52.125
-158.25,52.125,-158.25,52.125
-157.75,52.125,-157.75,52.125
-157.25,52.125,-157.25,52.125
-156.75,52.125,-156.75,52.125
-156.25,52.125,-156.25,52.125
-155.75,52.125,-155.75,52.125
-155.25,52.125,-155.25,52.125
-154.75,52.125,-154.75,52.125
-154.25,52.125,-154.25,52.125
-153.75,52.125,-153.75,52.125
-153.25,52.125,-153.25,52.125
-152.75,52.125,-152.75,52.125
-152.25,52.125,-152.25,52.125
-151.75,52.125,-151.75,52.125
-151.25,52.125,-151.25,52.125
-150.75,52.125,-150.75,52.125
-150.25,52.125,-150.25,52.125
-149.75,52.125,-149.75,52.125
-149.25,52.125,-149.25,52.125
-148.75,52.125,-148.75,52.125
-148.25,52.125,-148.25,52.125
-147.75,52.125,-147.75,52.125
-147.25,52.125,-147.25,52.125
-146.75,52.125,-146.75,52.125
-146.25,52.125,-146.25,52.125
-145.75,52.125,-145.75,52.125
-145.25,52.125,-145.25,52.125
-144.75,52.125,-144.75,52.125
-144.25,52.125,-144.25,52.125
-143.75,52.125,-143.75,52.125
-143.25,52.125,-143.25,52.125
-142.75,52.125,-142.75,52.125
-142.25,52.125,-142.25,52.125
-141.75,52.125,-141.75,52.125
-141.25,52.125,-141.25,52.125
-140.75,52.125,-140.75,52.125
-140.25,52.125,-140.25,52.125
-139.75,52.125,-139.75,52.125
-139.25,52.125,-139.25,52.125
-138.75,52.125,-138.75,52.125
-138.25,52.125,-138.25,52.125
-137.75,52.125,-137.75,52.125
-137.25,52.125,-137.25,52.125
-136.75,52.125,-136.75,52.125
-136.25,52.125,-136.25,52.125
-135.75,52.125,-135.75,52.125
-135.25,52.125,-135.25,52.125
-134.75,52.125,-134.75,52.125
-134.25,52.125,-134.25,52.125
-133.75,52.125,-133.75,52.125
-133.25,52.125,-133.25,52.125
-132.75,52.125,-132.75,52.125
-132.25,52.125,-132.25,52.125
-163.75,52.375,-163.75,52.375
-163.25,52.375,-163.25,52.375
-162.75,52.375,-162.75,52.375
-162.25,52.375,-162.25,52.375
-161.75,52.375,-161.75,52.375
-161.25,52.375,-161.25,52.375
-160.75,52.375,-160.75,52.375
-160.25,52.375,-160.25,52.375
-159.75,52.375,-159.75,52.375
-159.25,52.375,-159.25,52.375
-158.75,52.375,-158.75,52.375
-158.25,52.375,-158.25,52.375
-157.75,52.375,-157.75,52.375
-157.25,52.375,-157.25,52.375
-156.75,52.375,-156.75,52.375
-156.25,52.375,-156.25,52.375
-155.75,52.375,-155.75,52.375
-155.25,52.375,-155.25,52.375
-154.75,52.375,-154.75,52.375
-154.25,52.375,-154.25,52.375
-153.75,52.375,-153.75,52.375
-153.25,52.375,-153.25,52.375
-152.75,52.375,-152.75,52.375
-152.25,52.375,-152.25,52.375
-151.75,52.375,-151.75,52.375
-151.25,52.375,-151.25,52.375
-150.75,52.375,-150.75,52.375
-150.25,52.375,-150.25,52.375
-149.75,52.375,-149.75,52.375
-149.25,52.375,-149.25,52.375
-148.75,52.375,-148.75,52.375
-148.25,52.375,-148.25,52.375
-147.75,52.375,-147.75,52.375
-147.25,52.375,-147.25,52.375
-146.75,52.375,-146.75,52.375
-146.25,52.375,-146.25,52.375
-145.75,52.375,-145.75,52.375
-145.25,52.375,-145.25,52.375
-144.75,52.375,-144.75,52.375
-144.25,52.375,-144.25,52.375
-143.75,52.375,-143.75,52.375
-143.25,52.375,-143.25,52.375
-142.75,52.375,-142.75,52.375
-142.25,52.375,-142.25,52.375
-141.75,52.375,-141.75,52.375
-141.25,52.375,-141.25,52.375
-140.75,52.375,-140.75,52.375
-140.25,52.375,-140.25,52.375
-139.75,52.375,-139.75,52.375
-139.25,52.375,-139.25,52.375
-138.75,52.375,-138.75,52.375
-138.25,52.375,-138.25,52.375
-137.75,52.375,-137.75,52.375
-137.25,52.375,-137.25,52.375
-136.75,52.375,-136.75,52.375
-136.25,52.375,-136.25,52.375
-135.75,52.375,-135.75,52.375
-135.25,52.375,-135.25,52.375
-134.75,52.375,-134.75,52.375
-134.25,52.375,-134.25,52.375
-133.75,52.375,-133.75,52.375
-133.25,52.375,-133.25,52.375
-132.75,52.375,-132.75,52.375
-132.25,52.375,-132.25,52.375
-163.75,52.625,-163.75,52.625
-163.25,52.625,-163.25,52.625
-162.75,52.625,-162.75,52.625
-162.25,52.625,-162.25,52.625
-161.75,52.625,-161.75,52.625
-161.25,52.625,-161.25,52.625
-160.75,52.625,-160.75,52.625
-160.25,52.625,-160.25,52.625
-159.75,52.625,-159.75,52.625
-159.25,52.625,-159.25,52.625
-158.75,52.625,-158.75,52.625
-158.25,52.625,-158.25,52.625
-157.75,52.625,-157.75,52.625
-157.25,52.625,-157.25,52.625
-156.75,52.625,-156.75,52.625
-156.25,52.625,-156.25,52.625
-155.75,52.625,-155.75,52.625
-155.25,52.625,-155.25,52.625
-154.75,52.625,-154.75,52.625
-154.25,52.625,-154.25,52.625
-153.75,52.625,-153.75,52.625
-153.25,52.625,-153.25,52.625
-152.75,52.625,-152.75,52.625
-152.25,52.625,-152.25,52.625
-151.75,52.625,-151.75,52.625
-151.25,52.625,-151.25,52.625
-150.75,52.625,-150.75,52.625
-150.25,52.625,-150.25,52.625
-149.75,52.625,-149.75,52.625
-149.25,52.625,-149.25,52.625
-148.75,52.625,-148.75,52.625
-148.25,52.625,-148.25,52.625
-147.75,52.625,-147.75,52.625
-147.25,52.625,-147.25,52.625
-146.75,52.625,-146.75,52.625
-146.25,52.625,-146.25,52.625
-145.75,52.625,-145.75,52.625
-145.25,52.625,-145.25,52.625
-144.75,52.625,-144.75,52.625
-144.25,52.625,-144.25,52.625
-143.75,52.625,-143.75,52.625
-143.25,52.625,-143.25,52.625
-142.75,52.625,-142.75,52.625
-142.25,52.625,-142.25,52.625
-141.75,52.625,-141.75,52.625
-141.25,52.625,-141.25,52.625
-140.75,52.625,-140.75,52.625
-140.25,52.625,-140.25,52.625
-139.75,52.625,-139.75,52.625
-139.25,52.625,-139.25,52.625
-138.75,52.625,-138.75,52.625
-138.25,52.625,-138.25,52.625
-137.75,52.625,-137.75,52.625
-137.25,52.625,-137.25,52.625
-136.75,52.625,-136.75,52.625
-136.25,52.625,-136.25,52.625
-135.75,52.625,-135.75,52.625
-135.25,52.625,-135.25,52.625
-134.75,52.625,-134.75,52.625
-134.25,52.625,-134.25,52.625
-133.75,52.625,-133.75,52.625
-133.25,52.625,-133.25,52.625
-132.75,52.625,-132.75,52.625
-132.25,52.625,-132.25,52.625
-163.75,52.875,-163.75,52.875
-163.25,52.875,-163.25,52.875
-162.75,52.875,-162.75,52.875
-162.25,52.875,-162.25,52.875
-161.75,52.875,-161.75,52.875
-161.25,52.875,-161.25,52.875
-160.75,52.875,-160.75,52.875
-160.25,52.875,-160.25,52.875
-159.75,52.875,-159.75,52.875
-159.25,52.875,-159.25,52.875
-158.75,52.875,-158.75,52.875
-158.25,52.875,-158.25,52.875
-157.75,52.875,-157.75,52.875
-157.25,52.875,-157.25,52.875
-156.75,52.875,-156.75,52.875
-156.25,52.875,-156.25,52.875
-155.75,52.875,-155.75,52.875
-155.25,52.875,-155.25,52.875
-154.75,52.875,-154.75,52.875
-154.25,52.875,-154.25,52.875
-153.75,52.875,-153.75,52.875
-153.25,52.875,-153.25,52.875
-152.75,52.875,-152.75,52.875
-152.25,52.875,-152.25,52.875
-151.75,52.875,-151.75,52.875
-151.25,52.875,-151.25,52.875
-150.75,52.875,-150.75,52.875
-150.25,52.875,-150.25,52.875
-149.75,52.875,-149.75,52.875
-149.25,52.875,-149.25,52.875
-148.75,52.875,-148.75,52.875
-148.25,52.875,-148.25,52.875
-147.75,52.875,-147.75,52.875
-147.25,52.875,-147.25,52.875
-146.75,52.875,-146.75,52.875
-146.25,52.875,-146.25,52.875
-145.75,52.875,-145.75,52.875
-145.25,52.875,-145.25,52.875
-144.75,52.875,-144.75,52.875
-144.25,52.875,-144.25,52.875
-143.75,52.875,-143.75,52.875
-143.25,52.875,-143.25,52.875
-142.75,52.875,-142.75,52.875
-142.25,52.875,-142.25,52.875
-141.75,52.875,-141.75,52.875
-141.25,52.875,-141.25,52.875
-140.75,52.875,-140.75,52.875
-140.25,52.875,-140.25,52.875
-139.75,52.875,-139.75,52.875
-139.25,52.875,-139.25,52.875
-138.75,52.875,-138.75,52.875
-138.25,52.875,-138.25,52.875
-137.75,52.875,-137.75,52.875
-137.25,52.875,-137.25,52.875
-136.75,52.875,-136.75,52.875
-136.25,52.875,-136.25,52.875
-135.75,52.875,-135.75,52.875
-135.25,52.875,-135.25,52.875
-134.75,52.875,-134.75,52.875
-134.25,52.875,-134.25,52.875
-133.75,52.875,-133.75,52.875
-133.25,52.875,-133.25,52.875
-132.75,52.875,-132.75,52.875
-132.25,52.875,-132.25,52.875
-163.75,53.125,-163.75,53.125
-163.25,53.125,-163.25,53.125
-162.75,53.125,-162.75,53.125
-162.25,53.125,-162.25,53.125
-161.75,53.125,-161.75,53.125
-161.25,53.125,-161.25,53.125
-160.75,53.125,-160.75,53.125
-160.25,53.125,-160.25,53.125
-159.75,53.125,-159.75,53.125
-159.25,53.125,-159.25,53.125
-158.75,53.125,-158.75,53.125
-158.25,53.125,-158.25,53.125
-157.75,53.125,-157.75,53.125
-157.25,53.125,-157.25,53.125
-156.75,53.125,-156.75,53.125
-156.25,53.125,-156.25,53.125
-155.75,53.125,-155.75,53.125
-155.25,53.125,-155.25,53.125
-154.75,53.125,-154.75,53.125
-154.25,53.125,-154.25,53.125
-153.75,53.125,-153.75,53.125
-153.25,53.125,-153.25,53.125
-152.75,53.125,-152.75,53.125
-152.25,53.125,-152.25,53.125
-151.75,53.125,-151.75,53.125
-151.25,53.125,-151.25,53.125
-150.75,53.125,-150.75,53.125
-150.25,53.125,-150.25,53.125
-149.75,53.125,-149.75,53.125
-149.25,53.125,-149.25,53.125
-148.75,53.125,-148.75,53.125
-148.25,53.125,-148.25,53.125
-147.75,53.125,-147.75,53.125
-147.25,53.125,-147.25,53.125
-146.75,53.125,-146.75,53.125
-146.25,53.125,-146.25,53.125
-145.75,53.125,-145.75,53.125
-145.25,53.125,-145.25,53.125
-144.75,53.125,-144.75,53.125
-144.25,53.125,-144.25,53.125
-143.75,53.125,-143.75,53.125
-143.25,53.125,-143.25,53.125
-142.75,53.125,-142.75,53.125
-142.25,53.125,-142.25,53.125
-141.75,53.125,-141.75,53.125
-141.25,53.125,-141.25,53.125
-140.75,53.125,-140.75,53.125
-140.25,53.125,-140.25,53.125
-139.75,53.125,-139.75,53.125
-139.25,53.125,-139.25,53.125
-138.75,53.125,-138.75,53.125
-138.25,53.125,-138.25,53.125
-137.75,53.125,-137.75,53.125
-137.25,53.125,-137.25,53.125
-136.75,53.125,-136.75,53.125
-136.25,53.125,-136.25,53.125
-135.75,53.125,-135.75,53.125
-135.25,53.125,-135.25,53.125
-134.75,53.125,-134.75,53.125
-134.25,53.125,-134.25,53.125
-133.75,53.125,-133.75,53.125
-133.25,53.125,-133.25,53.125
-132.75,53.125,-132.75,53.125
-132.25,53.125,-132.25,53.125
-163.75,53.375,-163.75,53.375
-163.25,53.375,-163.25,53.375
-162.75,53.375,-162.75,53.375
-162.25,53.375,-162.25,53.375
-161.75,53.375,-161.75,53.375
-161.25,53.375,-161.25,53.375
-160.75,53.375,-160.75,53.375
-160.25,53.375,-160.25,53.375
-159.75,53.375,-159.75,53.375
-159.25,53.375,-159.25,53.375
-158.75,53.375,-158.75,53.375
-158.25,53.375,-158.25,53.375
-157.75,53.375,-157.75,53.375
-157.25,53.375,-157.25,53.375
-156.75,53.375,-156.75,53.375
-156.25,53.375,-156.25,53.375
-155.75,53.375,-155.75,53.375
-155.25,53.375,-155.25,53.375
-154.75,53.375,-154.75,53.375
-154.25,53.375,-154.25,53.375
-153.75,53.375,-153.75,53.375
-153.25,53.375,-153.25,53.375
-152.75,53.375,-152.75,53.375
-152.25,53.375,-152.25,53.375
-151.75,53.375,-151.75,53.375
-151.25,53.375,-151.25,53.375
-150.75,53.375,-150.75,53.375
-150.25,53.375,-150.25,53.375
-149.75,53.375,-149.75,53.375
-149.25,53.375,-149.25,53.375
-148.75,53.375,-148.75,53.375
-148.25,53.375,-148.25,53.375
-147.75,53.375,-147.75,53.375
-147.25,53.375,-147.25,53.375
-146.75,53.375,-146.75,53.375
-146.25,53.375,-146.25,53.375
-145.75,53.375,-145.75,53.375
-145.25,53.375,-145.25,53.375
-144.75,53.375,-144.75,53.375
-144.25,53.375,-144.25,53.375
-143.75,53.375,-143.75,53.375
-143.25,53.375,-143.25,53.375
-142.75,53.375,-142.75,53.375
-142.25,53.375,-142.25,53.375
-141.75,53.375,-141.75,53.375
-141.25,53.375,-141.25,53.375
-140.75,53.375,-140.75,53.375
-140.25,53.375,-140.25,53.375
-139.75,53.375,-139.75,53.375
-139.25,53.375,-139.25,53.375
-138.75,53.375,-138.75,53.375
-138.25,53.375,-138.25,53.375
-137.75,53.375,-137.75,53.375
-137.25,53.375,-137.25,53.375
-136.75,53.375,-136.75,53.375
-136.25,53.375,-136.25,53.375
-135.75,53.375,-135.75,53.375
-135.25,53.375,-135.25,53.375
-134.75,53.375,-134.75,53.375
-134.25,53.375,-134.25,53.375
-133.75,53.375,-133.75,53.375
-133.25,53.375,-133.25,53.375
-132.75,53.375,-132.75,53.375
-132.25,53.375,-132.25,53.375
-163.75,53.625,-163.75,53.625
-163.25,53.625,-163.25,53.625
-162.75,53.625,-162.75,53.625
-162.25,53.625,-162.25,53.625
-161.75,53.625,-161.75,53.625
-161.25,53.625,-161.25,53.625
-160.75,53.625,-160.75,53.625
-160.25,53.625,-160.25,53.625
-159.75,53.625,-159.75,53.625
-159.25,53.625,-159.25,53.625
-158.75,53.625,-158.75,53.625
-158.25,53.625,-158.25,53.625
-157.75,53.625,-157.75,53.625
-157.25,53.625,-157.25,53.625
-156.75,53.625,-156.75,53.625
-156.25,53.625,-156.25,53.625
-155.75,53.625,-155.75,53.625
-155.25,53.625,-155.25,53.625
-154.75,53.625,-154.75,53.625
-154.25,53.625,-154.25,53.625
-153.75,53.625,-153.75,53.625
-153.25,53.625,-153.25,53.625
-152.75,53.625,-152.75,53.625
-152.25,53.625,-152.25,53.625
-151.75,53.625,-151.75,53.625
-151.25,53.625,-151.25,53.625
-150.75,53.625,-150.75,53.625
-150.25,53.625,-150.25,53.625
-149.75,53.625,-149.75,53.625
-149.25,53.625,-149.25,53.625
-148.75,53.625,-148.75,53.625
-148.25,53.625,-148.25,53.625
-147.75,53.625,-147.75,53.625
-147.25,53.625,-147.25,53.625
-146.75,53.625,-146.75,53.625
-146.25,53.625,-146.25,53.625
-145.75,53.625,-145.75,53.625
-145.25,53.625,-145.25,53.625
-144.75,53.625,-144.75,53.625
-144.25,53.625,-144.25,53.625
-143.75,53.625,-143.75,53.625
-143.25,53.625,-143.25,53.625
-142.75,53.625,-142.75,53.625
-142.25,53.625,-142.25,53.625
-141.75,53.625,-141.75,53.625
-141.25,53.625,-141.25,53.625
-140.75,53.625,-140.75,53.625
-140.25,53.625,-140.25,53.625
-139.75,53.625,-139.75,53.625
-139.25,53.625,-139.25,53.625
-138.75,53.625,-138.75,53.625
-138.25,53.625,-138.25,53.625
-137.75,53.625,-137.75,53.625
-137.25,53.625,-137.25,53.625
-136.75,53.625,-136.75,53.625
-136.25,53.625,-136.25,53.625
-135.75,53.625,-135.75,53.625
-135.25,53.625,-135.25,53.625
-134.75,53.625,-134.75,53.625
-134.25,53.625,-134.25,53.625
-133.75,53.625,-133.75,53.625
-133.25,53.625,-133.25,53.625
-132.75,53.625,-132.75,53.625
-132.25,53.625,-132.25,53.625
-163.75,53.875,-163.75,53.875
-163.25,53.875,-163.25,53.875
-162.75,53.875,-162.75,53.875
-162.25,53.875,-162.25,53.875
-161.75,53.875,-161.75,53.875
-161.25,53.875,-161.25,53.875
-160.75,53.875,-160.75,53.875
-160.25,53.875,-160.25,53.875
-159.75,53.875,-159.75,53.875
-159.25,53.875,-159.25,53.875
-158.75,53.875,-158.75,53.875
-158.25,53.875,-158.25,53.875
-157.75,53.875,-157.75,53.875
-157.25,53.875,-157.25,53.875
-156.75,53.875,-156.75,53.875
-156.25,53.875,-156.25,53.875
-155.75,53.875,-155.75,53.875
-155.25,53.875,-155.25,53.875
-154.75,53.875,-154.75,53.875
-154.25,53.875,-154.25,53.875
-153.75,53.875,-153.75,53.875
-153.25,53.875,-153.25,53.875
-152.75,53.875,-152.75,53.875
-152.25,53.875,-152.25,53.875
-151.75,53.875,-151.75,53.875
-151.25,53.875,-151.25,53.875
-150.75,53.875,-150.75,53.875
-150.25,53.875,-150.25,53.875
-149.75,53.875,-149.75,53.875
-149.25,53.875,-149.25,53.875
-148.75,53.875,-148.75,53.875
-148.25,53.875,-148.25,53.875
-147.75,53.875,-147.75,53.875
-147.25,53.875,-147.25,53.875
-146.75,53.875,-146.75,53.875
-146.25,53.875,-146.25,53.875
-145.75,53.875,-145.75,53.875
-145.25,53.875,-145.25,53.875
-144.75,53.875,-144.75,53.875
-144.25,53.875,-144.25,53.875
-143.75,53.875,-143.75,53.875
-143.25,53.875,-143.25,53.875
-142.75,53.875,-142.75,53.875
-142.25,53.875,-142.25,53.875
-141.75,53.875,-141.75,53.875
-141.25,53.875,-141.25,53.875
-140.75,53.875,-140.75,53.875
-140.25,53.875,-140.25,53.875
-139.75,53.875,-139.75,53.875
-139.25,53.875,-139.25,53.875
-138.75,53.875,-138.75,53.875
-138.25,53.875,-138.25,53.875
-137.75,53.875,-137.75,53.875
-137.25,53.875,-137.25,53.875
-136.75,53.875,-136.75,53.875
-136.25,53.875,-136.25,53.875
-135.75,53.875,-135.75,53.875
-135.25,53.875,-135.25,53.875
-134.75,53.875,-134.75,53.875
-134.25,53.875,-134.25,53.875
-133.75,53.875,-133.75,53.875
-133.25,53.875,-133.25,53.875
-132.75,53.875,-132.75,53.875
-132.25,53.875,-132.25,53.875
-163.75,54.125,-163.75,54.125
-163.25,54.125,-163.25,54.125
-162.75,54.125,-162.75,54.125
-162.25,54.125,-162.25,54.125
-161.75,54.125,-161.75,54.125
-161.25,54.125,-161.25,54.125
-160.75,54.125,-160.75,54.125
-160.25,54.125,-160.25,54.125
-159.75,54.125,-159.75,54.125
-159.25,54.125,-159.25,54.125
-158.75,54.125,-158.75,54.125
-158.25,54.125,-158.25,54.125
-157.75,54.125,-157.75,54.125
-157.25,54.125,-157.25,54.125
-156.75,54.125,-156.75,54.125
-156.25,54.125,-156.25,54.125
-155.75,54.125,-155.75,54.125
-155.25,54.125,-155.25,54.125
-154.75,54.125,-154.75,54.125
-154.25,54.125,-154.25,54.125
-153.75,54.125,-153.75,54.125
-153.25,54.125,-153.25,54.125
-152.75,54.125,-152.75,54.125
-152.25,54.125,-152.25,54.125
-151.75,54.125,-151.75,54.125
-151.25,54.125,-151.25,54.125
-150.75,54.125,-150.75,54.125
-150.25,54.125,-150.25,54.125
-149.75,54.125,-149.75,54.125
-149.25,54.125,-149.25,54.125
-148.75,54.125,-148.75,54.125
-148.25,54.125,-148.25,54.125
-147.75,54.125,-147.75,54.125
-147.25,54.125,-147.25,54.125
-146.75,54.125,-146.75,54.125
-146.25,54.125,-146.25,54.125
-145.75,54.125,-145.75,54.125
-145.25,54.125,-145.25,54.125
-144.75,54.125,-144.75,54.125
-144.25,54.125,-144.25,54.125
-143.75,54.125,-143.75,54.125
-143.25,54.125,-143.25,54.125
-142.75,54.125,-142.75,54.125
-142.25,54.125,-142.25,54.125
-141.75,54.125,-141.75,54.125
-141.25,54.125,-141.25,54.125
-140.75,54.125,-140.75,54.125
-140.25,54.125,-140.25,54.125
-139.75,54.125,-139.75,54.125
-139.25,54.125,-139.25,54.125
-138.75,54.125,-138.75,54.125
-138.25,54.125,-138.25,54.125
-137.75,54.125,-137.75,54.125
-137.25,54.125,-137.25,54.125
-136.75,54.125,-136.75,54.125
-136.25,54.125,-136.25,54.125
-135.75,54.125,-135.75,54.125
-135.25,54.125,-135.25,54.125
-134.75,54.125,-134.75,54.125
-134.25,54.125,-134.25,54.125
-133.75,54.125,-133.75,54.125
-133.25,54.125,-133.25,54.125
-132.75,54.125,-132.75,54.125
-132.25,54.125,-132.25,54.125
-163.75,54.375,-163.75,54.375
-163.25,54.375,-163.25,54.375
-162.75,54.375,-162.75,54.375
-162.25,54.375,-162.25,54.375
-161.75,54.375,-161.75,54.375
-161.25,54.375,-161.25,54.375
-160.75,54.375,-160.75,54.375
-160.25,54.375,-160.25,54.375
-159.75,54.375,-159.75,54.375
-159.25,54.375,-159.25,54.375
-158.75,54.375,-158.75,54.375
-158.25,54.375,-158.25,54.375
-157.75,54.375,-157.75,54.375
-157.25,54.375,-157.25,54.375
-156.75,54.375,-156.75,54.375
-156.25,54.375,-156.25,54.375
-155.75,54.375,-155.75,54.375
-155.25,54.375,-155.25,54.375
-154.75,54.375,-154.75,54.375
-154.25,54.375,-154.25,54.375
-153.75,54.375,-153.75,54.375
-153.25,54.375,-153.25,54.375
-152.75,54.375,-152.75,54.375
-152.25,54.375,-152.25,54.375
-151.75,54.375,-151.75,54.375
-151.25,54.375,-151.25,54.375
-150.75,54.375,-150.75,54.375
-150.25,54.375,-150.25,54.375
-149.75,54.375,-149.75,54.375
-149.25,54.375,-149.25,54.375
-148.75,54.375,-148.75,54.375
-148.25,54.375,-148.25,54.375
-147.75,54.375,-147.75,54.375
-147.25,54.375,-147.25,54.375
-146.75,54.375,-146.75,54.375
-146.25,54.375,-146.25,54.375
-145.75,54.375,-145.75,54.375
-145.25,54.375,-145.25,54.375
-144.75,54.375,-144.75,54.375
-144.25,54.375,-144.25,54.375
-143.75,54.375,-143.75,54.375
-143.25,54.375,-143.25,54.375
-142.75,54.375,-142.75,54.375
-142.25,54.375,-142.25,54.375
-141.75,54.375,-141.75,54.375
-141.25,54.375,-141.25,54.375
-140.75,54.375,-140.75,54.375
-140.25,54.375,-140.25,54.375
-139.75,54.375,-139.75,54.375
-139.25,54.375,-139.25,54.375
-138.75,54.375,-138.75,54.375
-138.25,54.375,-138.25,54.375
-137.75,54.375,-137.75,54.375
-137.25,54.375,-137.25,54.375
-136.75,54.375,-136.75,54.375
-136.25,54.375,-136.25,54.375
-135.75,54.375,-135.75,54.375
-135.25,54.375,-135.25,54.375
-134.75,54.375,-134.75,54.375
-134.25,54.375,-134.25,54.375
-133.75,54.375,-133.75,54.375
-133.25,54.375,-133.25,54.375
-132.75,54.375,-132.75,54.375
-132.25,54.375,-132.25,54.375
-163.75,54.625,-163.75,54.625
-163.25,54.625,-163.25,54.625
-162.75,54.625,-162.75,54.625
-162.25,54.625,-162.25,54.625
-161.75,54.625,-161.75,54.625
-161.25,54.625,-161.25,54.625
-160.75,54.625,-160.75,54.625
-160.25,54.625,-160.25,54.625
-159.75,54.625,-159.75,54.625
-159.25,54.625,-159.25,54.625
-158.75,54.625,-158.75,54.625
-158.25,54.625,-158.25,54.625
-157.75,54.625,-157.75,54.625
-157.25,54.625,-157.25,54.625
-156.75,54.625,-156.75,54.625
-156.25,54.625,-156.25,54.625
-155.75,54.625,-155.75,54.625
-155.25,54.625,-155.25,54.625
-154.75,54.625,-154.75,54.625
-154.25,54.625,-154.25,54.625
-153.75,54.625,-153.75,54.625
-153.25,54.625,-153.25,54.625
-152.75,54.625,-152.75,54.625
-152.25,54.625,-152.25,54.625
-151.75,54.625,-151.75,54.625
-151.25,54.625,-151.25,54.625
-150.75,54.625,-150.75,54.625
-150.25,54.625,-150.25,54.625
-149.75,54.625,-149.75,54.625
-149.25,54.625,-149.25,54.625
-148.75,54.625,-148.75,54.625
-148.25,54.625,-148.25,54.625
-147.75,54.625,-147.75,54.625
-147.25,54.625,-147.25,54.625
-146.75,54.625,-146.75,54.625
-146.25,54.625,-146.25,54.625
-145.75,54.625,-145.75,54.625
-145.25,54.625,-145.25,54.625
-144.75,54.625,-144.75,54.625
-144.25,54.625,-144.25,54.625
-143.75,54.625,-143.75,54.625
-143.25,54.625,-143.25,54.625
-142.75,54.625,-142.75,54.625
-142.25,54.625,-142.25,54.625
-141.75,54.625,-141.75,54.625
-141.25,54.625,-141.25,54.625
-140.75,54.625,-140.75,54.625
-140.25,54.625,-140.25,54.625
-139.75,54.625,-139.75,54.625
-139.25,54.625,-139.25,54.625
-138.75,54.625,-138.75,54.625
-138.25,54.625,-138.25,54.625
-137.75,54.625,-137.75,54.625
-137.25,54.625,-137.25,54.625
-136.75,54.625,-136.75,54.625
-136.25,54.625,-136.25,54.625
-135.75,54.625,-135.75,54.625
-135.25,54.625,-135.25,54.625
-134.75,54.625,-134.75,54.625
-134.25,54.625,-134.25,54.625
-133.75,54.625,-133.75,54.625
-133.25,54.625,-133.25,54.625
-132.75,54.625,-132.75,54.625
-132.25,54.625,-132.25,54.625
-163.75,54.875,-163.75,54.875
-163.25,54.875,-163.25,54.875
-162.75,54.875,-162.75,54.875
-162.25,54.875,-162.25,54.875
-161.75,54.875,-161.75,54.875
-161.25,54.875,-161.25,54.875
-160.75,54.875,-160.75,54.875
-160.25,54.875,-160.25,54.875
-159.75,54.875,-159.75,54.875
-159.25,54.875,-159.25,54.875
-158.75,54.875,-158.75,54.875
-158.25,54.875,-158.25,54.875
-157.75,54.875,-157.75,54.875
-157.25,54.875,-157.25,54.875
-156.75,54.875,-156.75,54.875
-156.25,54.875,-156.25,54.875
-155.75,54.875,-155.75,54.875
-155.25,54.875,-155.25,54.875
-154.75,54.875,-154.75,54.875
-154.25,54.875,-154.25,54.875
-153.75,54.875,-153.75,54.875
-153.25,54.875,-153.25,54.875
-152.75,54.875,-152.75,54.875
-152.25,54.875,-152.25,54.875
-151.75,54.875,-151.75,54.875
-151.25,54.875,-151.25,54.875
-150.75,54.875,-150.75,54.875
-150.25,54.875,-150.25,54.875
-149.75,54.875,-149.75,54.875
-149.25,54.875,-149.25,54.875
-148.75,54.875,-148.75,54.875
-148.25,54.875,-148.25,54.875
-147.75,54.875,-147.75,54.875
-147.25,54.875,-147.25,54.875
-146.75,54.875,-146.75,54.875
-146.25,54.875,-146.25,54.875
-145.75,54.875,-145.75,54.875
-145.25,54.875,-145.25,54.875
-144.75,54.875,-144.75,54.875
-144.25,54.875,-144.25,54.875
-143.75,54.875,-143.75,54.875
-143.25,54.875,-143.25,54.875
-142.75,54.875,-142.75,54.875
-142.25,54.875,-142.25,54.875
-141.75,54.875,-141.75,54.875
-141.25,54.875,-141.25,54.875
-140.75,54.875,-140.75,54.875
-140.25,54.875,-140.25,54.875
-139.75,54.875,-139.75,54.875
-139.25,54.875,-139.25,54.875
-138.75,54.875,-138.75,54.875
-138.25,54.875,-138.25,54.875
-137.75,54.875,-137.75,54.875
-137.25,54.875,-137.25,54.875
-136.75,54.875,-136.75,54.875
-136.25,54.875,-136.25,54.875
-135.75,54.875,-135.75,54.875
-135.25,54.875,-135.25,54.875
-134.75,54.875,-134.75,54.875
-134.25,54.875,-134.25,54.875
-133.75,54.875,-133.75,54.875
-133.25,54.875,-133.25,54.875
-132.75,54.875,-132.75,54.875
-132.25,54.875,-132.25,54.875
-163.75,55.125,-163.75,55.125
-163.25,55.125,-163.25,55.125
-162.75,55.125,-162.75,55.125
-162.25,55.125,-162.25,55.125
-161.75,55.125,-161.75,55.125
-161.25,55.125,-161.25,55.125
-160.75,55.125,-160.75,55.125
-160.25,55.125,-160.25,55.125
-159.75,55.125,-159.75,55.125
-159.25,55.125,-159.25,55.125
-158.75,55.125,-158.75,55.125
-158.25,55.125,-158.25,55.125
-157.75,55.125,-157.75,55.125
-157.25,55.125,-157.25,55.125
-156.75,55.125,-156.75,55.125
-156.25,55.125,-156.25,55.125
-155.75,55.125,-155.75,55.125
-155.25,55.125,-155.25,55.125
-154.75,55.125,-154.75,55.125
-154.25,55.125,-154.25,55.125
-153.75,55.125,-153.75,55.125
-153.25,55.125,-153.25,55.125
-152.75,55.125,-152.75,55.125
-152.25,55.125,-152.25,55.125
-151.75,55.125,-151.75,55.125
-151.25,55.125,-151.25,55.125
-150.75,55.125,-150.75,55.125
-150.25,55.125,-150.25,55.125
-149.75,55.125,-149.75,55.125
-149.25,55.125,-149.25,55.125
-148.75,55.125,-148.75,55.125
-148.25,55.125,-148.25,55.125
-147.75,55.125,-147.75,55.125
-147.25,55.125,-147.25,55.125
-146.75,55.125,-146.75,55.125
-146.25,55.125,-146.25,55.125
-145.75,55.125,-145.75,55.125
-145.25,55.125,-145.25,55.125
-144.75,55.125,-144.75,55.125
-144.25,55.125,-144.25,55.125
-143.75,55.125,-143.75,55.125
-143.25,55.125,-143.25,55.125
-142.75,55.125,-142.75,55.125
-142.25,55.125,-142.25,55.125
-141.75,55.125,-141.75,55.125
-141.25,55.125,-141.25,55.125
-140.75,55.125,-140.75,55.125
-140.25,55.125,-140.25,55.125
-139.75,55.125,-139.75,55.125
-139.25,55.125,-139.25,55.125
-138.75,55.125,-138.75,55.125
-138.25,55.125,-138.25,55.125
-137.75,55.125,-137.75,55.125
-137.25,55.125,-137.25,55.125
-136.75,55.125,-136.75,55.125
-136.25,55.125,-136.25,55.125
-135.75,55.125,-135.75,55.125
-135.25,55.125,-135.25,55.125
-134.75,55.125,-134.75,55.125
-134.25,55.125,-134.25,55.125
-133.75,55.125,-133.75,55.125
-133.25,55.125,-133.25,55.125
-132.75,55.125,-132.75,55.125
-132.25,55.125,-132.25,55.125
-163.75,55.375,-163.75,55.375
-163.25,55.375,-163.25,55.375
-162.75,55.375,-162.75,55.375
-162.25,55.375,-162.25,55.375
-161.75,55.375,-161.75,55.375
-161.25,55.375,-161.25,55.375
-160.75,55.375,-160.75,55.375
-160.25,55.375,-160.25,55.375
-159.75,55.375,-159.75,55.375
-159.25,55.375,-159.25,55.375
-158.75,55.375,-158.75,55.375
-158.25,55.375,-158.25,55.375
-157.75,55.375,-157.75,55.375
-157.25,55.375,-157.25,55.375
-156.75,55.375,-156.75,55.375
-156.25,55.375,-156.25,55.375
-155.75,55.375,-155.75,55.375
-155.25,55.375,-155.25,55.375
-154.75,55.375,-154.75,55.375
-154.25,55.375,-154.25,55.375
-153.75,55.375,-153.75,55.375
-153.25,55.375,-153.25,55.375
-152.75,55.375,-152.75,55.375
-152.25,55.375,-152.25,55.375
-151.75,55.375,-151.75,55.375
-151.25,55.375,-151.25,55.375
-150.75,55.375,-150.75,55.375
-150.25,55.375,-150.25,55.375
-149.75,55.375,-149.75,55.375
-149.25,55.375,-149.25,55.375
-148.75,55.375,-148.75,55.375
-148.25,55.375,-148.25,55.375
-147.75,55.375,-147.75,55.375
-147.25,55.375,-147.25,55.375
-146.75,55.375,-146.75,55.375
-146.25,55.375,-146.25,55.375
-145.75,55.375,-145.75,55.375
-145.25,55.375,-145.25,55.375
-144.75,55.375,-144.75,55.375
-144.25,55.375,-144.25,55.375
-143.75,55.375,-143.75,55.375
-143.25,55.375,-143.25,55.375
-142.75,55.375,-142.75,55.375
-142.25,55.375,-142.25,55.375
-141.75,55.375,-141.75,55.375
-141.25,55.375,-141.25,55.375
-140.75,55.375,-140.75,55.375
-140.25,55.375,-140.25,55.375
-139.75,55.375,-139.75,55.375
-139.25,55.375,-139.25,55.375
-138.75,55.375,-138.75,55.375
-138.25,55.375,-138.25,55.375
-137.75,55.375,-137.75,55.375
-137.25,55.375,-137.25,55.375
-136.75,55.375,-136.75,55.375
-136.25,55.375,-136.25,55.375
-135.75,55.375,-135.75,55.375
-135.25,55.375,-135.25,55.375
-134.75,55.375,-134.75,55.375
-134.25,55.375,-134.25,55.375
-133.75,55.375,-133.75,55.375
-133.25,55.375,-133.25,55.375
-132.75,55.375,-132.75,55.375
-132.25,55.375,-132.25,55.375
-163.75,55.625,-163.75,55.625
-163.25,55.625,-163.25,55.625
-162.75,55.625,-162.75,55.625
-162.25,55.625,-162.25,55.625
-161.75,55.625,-161.75,55.625
-161.25,55.625,-161.25,55.625
-160.75,55.625,-160.75,55.625
-160.25,55.625,-160.25,55.625
-159.75,55.625,-159.75,55.625
-159.25,55.625,-159.25,55.625
-158.75,55.625,-158.75,55.625
-158.25,55.625,-158.25,55.625
-157.75,55.625,-157.75,55.625
-157.25,55.625,-157.25,55.625
-156.75,55.625,-156.75,55.625
-156.25,55.625,-156.25,55.625
-155.75,55.625,-155.75,55.625
-155.25,55.625,-155.25,55.625
-154.75,55.625,-154.75,55.625
-154.25,55.625,-154.25,55.625
-153.75,55.625,-153.75,55.625
-153.25,55.625,-153.25,55.625
-152.75,55.625,-152.75,55.625
-152.25,55.625,-152.25,55.625
-151.75,55.625,-151.75,55.625
-151.25,55.625,-151.25,55.625
-150.75,55.625,-150.75,55.625
-150.25,55.625,-150.25,55.625
-149.75,55.625,-149.75,55.625
-149.25,55.625,-149.25,55.625
-148.75,55.625,-148.75,55.625
-148.25,55.625,-148.25,55.625
-147.75,55.625,-147.75,55.625
-147.25,55.625,-147.25,55.625
-146.75,55.625,-146.75,55.625
-146.25,55.625,-146.25,55.625
-145.75,55.625,-145.75,55.625
-145.25,55.625,-145.25,55.625
-144.75,55.625,-144.75,55.625
-144.25,55.625,-144.25,55.625
-143.75,55.625,-143.75,55.625
-143.25,55.625,-143.25,55.625
-142.75,55.625,-142.75,55.625
-142.25,55.625,-142.25,55.625
-141.75,55.625,-141.75,55.625
-141.25,55.625,-141.25,55.625
-140.75,55.625,-140.75,55.625
-140.25,55.625,-140.25,55.625
-139.75,55.625,-139.75,55.625
-139.25,55.625,-139.25,55.625
-138.75,55.625,-138.75,55.625
-138.25,55.625,-138.25,55.625
-137.75,55.625,-137.75,55.625
-137.25,55.625,-137.25,55.625
-136.75,55.625,-136.75,55.625
-136.25,55.625,-136.25,55.625
-135.75,55.625,-135.75,55.625
-135.25,55.625,-135.25,55.625
-134.75,55.625,-134.75,55.625
-134.25,55.625,-134.25,55.625
-133.75,55.625,-133.75,55.625
-133.25,55.625,-133.25,55.625
-132.75,55.625,-132.75,55.625
-132.25,55.625,-132.25,55.625
-163.75,55.875,-163.75,55.875
-163.25,55.875,-163.25,55.875
-162.75,55.875,-162.75,55.875
-162.25,55.875,-162.25,55.875
-161.75,55.875,-161.75,55.875
-161.25,55.875,-161.25,55.875
-160.75,55.875,-160.75,55.875
-160.25,55.875,-160.25,55.875
-159.75,55.875,-159.75,55.875
-159.25,55.875,-159.25,55.875
-158.75,55.875,-158.75,55.875
-158.25,55.875,-158.25,55.875
-157.75,55.875,-157.75,55.875
-157.25,55.875,-157.25,55.875
-156.75,55.875,-156.75,55.875
-156.25,55.875,-156.25,55.875
-155.75,55.875,-155.75,55.875
-155.25,55.875,-155.25,55.875
-154.75,55.875,-154.75,55.875
-154.25,55.875,-154.25,55.875
-153.75,55.875,-153.75,55.875
-153.25,55.875,-153.25,55.875
-152.75,55.875,-152.75,55.875
-152.25,55.875,-152.25,55.875
-151.75,55.875,-151.75,55.875
-151.25,55.875,-151.25,55.875
-150.75,55.875,-150.75,55.875
-150.25,55.875,-150.25,55.875
-149.75,55.875,-149.75,55.875
-149.25,55.875,-149.25,55.875
-148.75,55.875,-148.75,55.875
-148.25,55.875,-148.25,55.875
-147.75,55.875,-147.75,55.875
-147.25,55.875,-147.25,55.875
-146.75,55.875,-146.75,55.875
-146.25,55.875,-146.25,55.875
-145.75,55.875,-145.75,55.875
-145.25,55.875,-145.25,55.875
-144.75,55.875,-144.75,55.875
-144.25,55.875,-144.25,55.875
-143.75,55.875,-143.75,55.875
-143.25,55.875,-143.25,55.875
-142.75,55.875,-142.75,55.875
-142.25,55.875,-142.25,55.875
-141.75,55.875,-141.75,55.875
-141.25,55.875,-141.25,55.875
-140.75,55.875,-140.75,55.875
-140.25,55.875,-140.25,55.875
-139.75,55.875,-139.75,55.875
-139.25,55.875,-139.25,55.875
-138.75,55.875,-138.75,55.875
-138.25,55.875,-138.25,55.875
-137.75,55.875,-137.75,55.875
-137.25,55.875,-137.25,55.875
-136.75,55.875,-136.75,55.875
-136.25,55.875,-136.25,55.875
-135.75,55.875,-135.75,55.875
-135.25,55.875,-135.25,55.875
-134.75,55.875,-134.75,55.875
-134.25,55.875,-134.25,55.875
-133.75,55.875,-133.75,55.875
-133.25,55.875,-133.25,55.875
-132.75,55.875,-132.75,55.875
-132.25,55.875,-132.25,55.875
-163.75,56.125,-163.75,56.125
-163.25,56.125,-163.25,56.125
-162.75,56.125,-162.75,56.125
-162.25,56.125,-162.25,56.125
-161.75,56.125,-161.75,56.125
-161.25,56.125,-161.25,56.125
-160.75,56.125,-160.75,56.125
-160.25,56.125,-160.25,56.125
-159.75,56.125,-159.75,56.125
-159.25,56.125,-159.25,56.125
-158.75,56.125,-158.75,56.125
-158.25,56.125,-158.25,56.125
-157.75,56.125,-157.75,56.125
-157.25,56.125,-157.25,56.125
-156.75,56.125,-156.75,56.125
-156.25,56.125,-156.25,56.125
-155.75,56.125,-155.75,56.125
-155.25,56.125,-155.25,56.125
-154.75,56.125,-154.75,56.125
-154.25,56.125,-154.25,56.125
-153.75,56.125,-153.75,56.125
-153.25,56.125,-153.25,56.125
-152.75,56.125,-152.75,56.125
-152.25,56.125,-152.25,56.125
-151.75,56.125,-151.75,56.125
-151.25,56.125,-151.25,56.125
-150.75,56.125,-150.75,56.125
-150.25,56.125,-150.25,56.125
-149.75,56.125,-149.75,56.125
-149.25,56.125,-149.25,56.125
-148.75,56.125,-148.75,56.125
-148.25,56.125,-148.25,56.125
-147.75,56.125,-147.75,56.125
-147.25,56.125,-147.25,56.125
-146.75,56.125,-146.75,56.125
-146.25,56.125,-146.25,56.125
-145.75,56.125,-145.75,56.125
-145.25,56.125,-145.25,56.125
-144.75,56.125,-144.75,56.125
-144.25,56.125,-144.25,56.125
-143.75,56.125,-143.75,56.125
-143.25,56.125,-143.25,56.125
-142.75,56.125,-142.75,56.125
-142.25,56.125,-142.25,56.125
-141.75,56.125,-141.75,56.125
-141.25,56.125,-141.25,56.125
-140.75,56.125,-140.75,56.125
-140.25,56.125,-140.25,56.125
-139.75,56.125,-139.75,56.125
-139.25,56.125,-139.25,56.125
-138.75,56.125,-138.75,56.125
-138.25,56.125,-138.25,56.125
-137.75,56.125,-137.75,56.125
-137.25,56.125,-137.25,56.125
-136.75,56.125,-136.75,56.125
-136.25,56.125,-136.25,56.125
-135.75,56.125,-135.75,56.125
-135.25,56.125,-135.25,56.125
-134.75,56.125,-134.75,56.125
-134.25,56.125,-134.25,56.125
-133.75,56.125,-133.75,56.125
-133.25,56.125,-133.25,56.125
-132.75,56.125,-132.75,56.125
-132.25,56.125,-132.25,56.125
-163.75,56.375,-163.75,56.375
-163.25,56.375,-163.25,56.375
-162.75,56.375,-162.75,56.375
-162.25,56.375,-162.25,56.375
-161.75,56.375,-161.75,56.375
-161.25,56.375,-161.25,56.375
-160.75,56.375,-160.75,56.375
-160.25,56.375,-160.25,56.375
-159.75,56.375,-159.75,56.375
-159.25,56.375,-159.25,56.375
-158.75,56.375,-158.75,56.375
-158.25,56.375,-158.25,56.375
-157.75,56.375,-157.75,56.375
-157.25,56.375,-157.25,56.375
-156.75,56.375,-156.75,56.375
-156.25,56.375,-156.25,56.375
-155.75,56.375,-155.75,56.375
-155.25,56.375,-155.25,56.375
-154.75,56.375,-154.75,56.375
-154.25,56.375,-154.25,56.375
-153.75,56.375,-153.75,56.375
-153.25,56.375,-153.25,56.375
-152.75,56.375,-152.75,56.375
-152.25,56.375,-152.25,56.375
-151.75,56.375,-151.75,56.375
-151.25,56.375,-151.25,56.375
-150.75,56.375,-150.75,56.375
-150.25,56.375,-150.25,56.375
-149.75,56.375,-149.75,56.375
-149.25,56.375,-149.25,56.375
-148.75,56.375,-148.75,56.375
-148.25,56.375,-148.25,56.375
-147.75,56.375,-147.75,56.375
-147.25,56.375,-147.25,56.375
-146.75,56.375,-146.75,56.375
-146.25,56.375,-146.25,56.375
-145.75,56.375,-145.75,56.375
-145.25,56.375,-145.25,56.375
-144.75,56.375,-144.75,56.375
-144.25,56.375,-144.25,56.375
-143.75,56.375,-143.75,56.375
-143.25,56.375,-143.25,56.375
-142.75,56.375,-142.75,56.375
-142.25,56.375,-142.25,56.375
-141.75,56.375,-141.75,56.375
-141.25,56.375,-141.25,56.375
-140.75,56.375,-140.75,56.375
-140.25,56.375,-140.25,56.375
-139.75,56.375,-139.75,56.375
-139.25,56.375,-139.25,56.375
-138.75,56.375,-138.75,56.375
-138.25,56.375,-138.25,56.375
-137.75,56.375,-137.75,56.375
-137.25,56.375,-137.25,56.375
-136.75,56.375,-136.75,56.375
-136.25,56.375,-136.25,56.375
-135.75,56.375,-135.75,56.375
-135.25,56.375,-135.25,56.375
-134.75,56.375,-134.75,56.375
-134.25,56.375,-134.25,56.375
-133.75,56.375,-133.75,56.375
-133.25,56.375,-133.25,56.375
-132.75,56.375,-132.75,56.375
-132.25,56.375,-132.25,56.375
-163.75,56.625,-163.75,56.625
-163.25,56.625,-163.25,56.625
-162.75,56.625,-162.75,56.625
-162.25,56.625,-162.25,56.625
-161.75,56.625,-161.75,56.625
-161.25,56.625,-161.25,56.625
-160.75,56.625,-160.75,56.625
-160.25,56.625,-160.25,56.625
-159.75,56.625,-159.75,56.625
-159.25,56.625,-159.25,56.625
-158.75,56.625,-158.75,56.625
-158.25,56.625,-158.25,56.625
-157.75,56.625,-157.75,56.625
-157.25,56.625,-157.25,56.625
-156.75,56.625,-156.75,56.625
-156.25,56.625,-156.25,56.625
-155.75,56.625,-155.75,56.625
-155.25,56.625,-155.25,56.625
-154.75,56.625,-154.75,56.625
-154.25,56.625,-154.25,56.625
-153.75,56.625,-153.75,56.625
-153.25,56.625,-153.25,56.625
-152.75,56.625,-152.75,56.625
-152.25,56.625,-152.25,56.625
-151.75,56.625,-151.75,56.625
-151.25,56.625,-151.25,56.625
-150.75,56.625,-150.75,56.625
-150.25,56.625,-150.25,56.625
-149.75,56.625,-149.75,56.625
-149.25,56.625,-149.25,56.625
-148.75,56.625,-148.75,56.625
-148.25,56.625,-148.25,56.625
-147.75,56.625,-147.75,56.625
-147.25,56.625,-147.25,56.625
-146.75,56.625,-146.75,56.625
-146.25,56.625,-146.25,56.625
-145.75,56.625,-145.75,56.625
-145.25,56.625,-145.25,56.625
-144.75,56.625,-144.75,56.625
-144.25,56.625,-144.25,56.625
-143.75,56.625,-143.75,56.625
-143.25,56.625,-143.25,56.625
-142.75,56.625,-142.75,56.625
-142.25,56.625,-142.25,56.625
-141.75,56.625,-141.75,56.625
-141.25,56.625,-141.25,56.625
-140.75,56.625,-140.75,56.625
-140.25,56.625,-140.25,56.625
-139.75,56.625,-139.75,56.625
-139.25,56.625,-139.25,56.625
-138.75,56.625,-138.75,56.625
-138.25,56.625,-138.25,56.625
-137.75,56.625,-137.75,56.625
-137.25,56.625,-137.25,56.625
-136.75,56.625,-136.75,56.625
-136.25,56.625,-136.25,56.625
-135.75,56.625,-135.75,56.625
-135.25,56.625,-135.25,56.625
-134.75,56.625,-134.75,56.625
-134.25,56.625,-134.25,56.625
-133.75,56.625,-133.75,56.625
-133.25,56.625,-133.25,56.625
-132.75,56.625,-132.75,56.625
-132.25,56.625,-132.25,56.625
-163.75,56.875,-163.75,56.875
-163.25,56.875,-163.25,56.875
-162.75,56.875,-162.75,56.875
-162.25,56.875,-162.25,56.875
-161.75,56.875,-161.75,56.875
-161.25,56.875,-161.25,56.875
-160.75,56.875,-160.75,56.875
-160.25,56.875,-160.25,56.875
-159.75,56.875,-159.75,56.875
-159.25,56.875,-159.25,56.875
-158.75,56.875,-158.75,56.875
-158.25,56.875,-158.25,56.875
-157.75,56.875,-157.75,56.875
-157.25,56.875,-157.25,56.875
-156.75,56.875,-156.75,56.875
-156.25,56.875,-156.25,56.875
-155.75,56.875,-155.75,56.875
-155.25,56.875,-155.25,56.875
-154.75,56.875,-154.75,56.875
-154.25,56.875,-154.25,56.875
-153.75,56.875,-153.75,56.875
-153.25,56.875,-153.25,56.875
-152.75,56.875,-152.75,56.875
-152.25,56.875,-152.25,56.875
-151.75,56.875,-151.75,56.875
-151.25,56.875,-151.25,56.875
-150.75,56.875,-150.75,56.875
-150.25,56.875,-150.25,56.875
-149.75,56.875,-149.75,56.875
-149.25,56.875,-149.25,56.875
-148.75,56.875,-148.75,56.875
-148.25,56.875,-148.25,56.875
-147.75,56.875,-147.75,56.875
-147.25,56.875,-147.25,56.875
-146.75,56.875,-146.75,56.875
-146.25,56.875,-146.25,56.875
-145.75,56.875,-145.75,56.875
-145.25,56.875,-145.25,56.875
-144.75,56.875,-144.75,56.875
-144.25,56.875,-144.25,56.875
-143.75,56.875,-143.75,56.875
-143.25,56.875,-143.25,56.875
-142.75,56.875,-142.75,56.875
-142.25,56.875,-142.25,56.875
-141.75,56.875,-141.75,56.875
-141.25,56.875,-141.25,56.875
-140.75,56.875,-140.75,56.875
-140.25,56.875,-140.25,56.875
-139.75,56.875,-139.75,56.875
-139.25,56.875,-139.25,56.875
-138.75,56.875,-138.75,56.875
-138.25,56.875,-138.25,56.875
-137.75,56.875,-137.75,56.875
-137.25,56.875,-137.25,56.875
-136.75,56.875,-136.75,56.875
-136.25,56.875,-136.25,56.875
-135.75,56.875,-135.75,56.875
-135.25,56.875,-135.25,56.875
-134.75,56.875,-134.75,56.875
-134.25,56.875,-134.25,56.875
-133.75,56.875,-133.75,56.875
-133.25,56.875,-133.25,56.875
-132.75,56.875,-132.75,56.875
-132.25,56.875,-132.25,56.875
-163.75,57.125,-163.75,57.125
-163.25,57.125,-163.25,57.125
-162.75,57.125,-162.75,57.125
-162.25,57.125,-162.25,57.125
-161.75,57.125,-161.75,57.125
-161.25,57.125,-161.25,57.125
-160.75,57.125,-160.75,57.125
-160.25,57.125,-160.25,57.125
-159.75,57.125,-159.75,57.125
-159.25,57.125,-159.25,57.125
-158.75,57.125,-158.75,57.125
-158.25,57.125,-158.25,57.125
-157.75,57.125,-157.75,57.125
-157.25,57.125,-157.25,57.125
-156.75,57.125,-156.75,57.125
-156.25,57.125,-156.25,57.125
-155.75,57.125,-155.75,57.125
-155.25,57.125,-155.25,57.125
-154.75,57.125,-154.75,57.125
-154.25,57.125,-154.25,57.125
-153.75,57.125,-153.75,57.125
-153.25,57.125,-153.25,57.125
-152.75,57.125,-152.75,57.125
-152.25,57.125,-152.25,57.125
-151.75,57.125,-151.75,57.125
-151.25,57.125,-151.25,57.125
-150.75,57.125,-150.75,57.125
-150.25,57.125,-150.25,57.125
-149.75,57.125,-149.75,57.125
-149.25,57.125,-149.25,57.125
-148.75,57.125,-148.75,57.125
-148.25,57.125,-148.25,57.125
-147.75,57.125,-147.75,57.125
-147.25,57.125,-147.25,57.125
-146.75,57.125,-146.75,57.125
-146.25,57.125,-146.25,57.125
-145.75,57.125,-145.75,57.125
-145.25,57.125,-145.25,57.125
-144.75,57.125,-144.75,57.125
-144.25,57.125,-144.25,57.125
-143.75,57.125,-143.75,57.125
-143.25,57.125,-143.25,57.125
-142.75,57.125,-142.75,57.125
-142.25,57.125,-142.25,57.125
-141.75,57.125,-141.75,57.125
-141.25,57.125,-141.25,57.125
-140.75,57.125,-140.75,57.125
-140.25,57.125,-140.25,57.125
-139.75,57.125,-139.75,57.125
-139.25,57.125,-139.25,57.125
-138.75,57.125,-138.75,57.125
-138.25,57.125,-138.25,57.125
-137.75,57.125,-137.75,57.125
-137.25,57.125,-137.25,57.125
-136.75,57.125,-136.75,57.125
-136.25,57.125,-136.25,57.125
-135.75,57.125,-135.75,57.125
-135.25,57.125,-135.25,57.125
-134.75,57.125,-134.75,57.125
-134.25,57.125,-134.25,57.125
-133.75,57.125,-133.75,57.125
-133.25,57.125,-133.25,57.125
-132.75,57.125,-132.75,57.125
-132.25,57.125,-132.25,57.125
-163.75,57.375,-163.75,57.375
-163.25,57.375,-163.25,57.375
-162.75,57.375,-162.75,57.375
-162.25,57.375,-162.25,57.375
-161.75,57.375,-161.75,57.375
-161.25,57.375,-161.25,57.375
-160.75,57.375,-160.75,57.375
-160.25,57.375,-160.25,57.375
-159.75,57.375,-159.75,57.375
-159.25,57.375,-159.25,57.375
-158.75,57.375,-158.75,57.375
-158.25,57.375,-158.25,57.375
-157.75,57.375,-157.75,57.375
-157.25,57.375,-157.25,57.375
-156.75,57.375,-156.75,57.375
-156.25,57.375,-156.25,57.375
-155.75,57.375,-155.75,57.375
-155.25,57.375,-155.25,57.375
-154.75,57.375,-154.75,57.375
-154.25,57.375,-154.25,57.375
-153.75,57.375,-153.75,57.375
-153.25,57.375,-153.25,57.375
-152.75,57.375,-152.75,57.375
-152.25,57.375,-152.25,57.375
-151.75,57.375,-151.75,57.375
-151.25,57.375,-151.25,57.375
-150.75,57.375,-150.75,57.375
-150.25,57.375,-150.25,57.375
-149.75,57.375,-149.75,57.375
-149.25,57.375,-149.25,57.375
-148.75,57.375,-148.75,57.375
-148.25,57.375,-148.25,57.375
-147.75,57.375,-147.75,57.375
-147.25,57.375,-147.25,57.375
-146.75,57.375,-146.75,57.375
-146.25,57.375,-146.25,57.375
-145.75,57.375,-145.75,57.375
-145.25,57.375,-145.25,57.375
-144.75,57.375,-144.75,57.375
-144.25,57.375,-144.25,57.375
-143.75,57.375,-143.75,57.375
-143.25,57.375,-143.25,57.375
-142.75,57.375,-142.75,57.375
-142.25,57.375,-142.25,57.375
-141.75,57.375,-141.75,57.375
-141.25,57.375,-141.25,57.375
-140.75,57.375,-140.75,57.375
-140.25,57.375,-140.25,57.375
-139.75,57.375,-139.75,57.375
-139.25,57.375,-139.25,57.375
-138.75,57.375,-138.75,57.375
-138.25,57.375,-138.25,57.375
-137.75,57.375,-137.75,57.375
-137.25,57.375,-137.25,57.375
-136.75,57.375,-136.75,57.375
-136.25,57.375,-136.25,57.375
-135.75,57.375,-135.75,57.375
-135.25,57.375,-135.25,57.375
-134.75,57.375,-134.75,57.375
-134.25,57.375,-134.25,57.375
-133.75,57.375,-133.75,57.375
-133.25,57.375,-133.25,57.375
-132.75,57.375,-132.75,57.375
-132.25,57.375,-132.25,57.375
-163.75,57.625,-163.75,57.625
-163.25,57.625,-163.25,57.625
-162.75,57.625,-162.75,57.625
-162.25,57.625,-162.25,57.625
-161.75,57.625,-161.75,57.625
-161.25,57.625,-161.25,57.625
-160.75,57.625,-160.75,57.625
-160.25,57.625,-160.25,57.625
-159.75,57.625,-159.75,57.625
-159.25,57.625,-159.25,57.625
-158.75,57.625,-158.75,57.625
-158.25,57.625,-158.25,57.625
-157.75,57.625,-157.75,57.625
-157.25,57.625,-157.25,57.625
-156.75,57.625,-156.75,57.625
-156.25,57.625,-156.25,57.625
-155.75,57.625,-155.75,57.625
-155.25,57.625,-155.25,57.625
-154.75,57.625,-154.75,57.625
-154.25,57.625,-154.25,57.625
-153.75,57.625,-153.75,57.625
-153.25,57.625,-153.25,57.625
-152.75,57.625,-152.75,57.625
-152.25,57.625,-152.25,57.625
-151.75,57.625,-151.75,57.625
-151.25,57.625,-151.25,57.625
-150.75,57.625,-150.75,57.625
-150.25,57.625,-150.25,57.625
-149.75,57.625,-149.75,57.625
-149.25,57.625,-149.25,57.625
-148.75,57.625,-148.75,57.625
-148.25,57.625,-148.25,57.625
-147.75,57.625,-147.75,57.625
-147.25,57.625,-147.25,57.625
-146.75,57.625,-146.75,57.625
-146.25,57.625,-146.25,57.625
-145.75,57.625,-145.75,57.625
-145.25,57.625,-145.25,57.625
-144.75,57.625,-144.75,57.625
-144.25,57.625,-144.25,57.625
-143.75,57.625,-143.75,57.625
-143.25,57.625,-143.25,57.625
-142.75,57.625,-142.75,57.625
-142.25,57.625,-142.25,57.625
-141.75,57.625,-141.75,57.625
-141.25,57.625,-141.25,57.625
-140.75,57.625,-140.75,57.625
-140.25,57.625,-140.25,57.625
-139.75,57.625,-139.75,57.625
-139.25,57.625,-139.25,57.625
-138.75,57.625,-138.75,57.625
-138.25,57.625,-138.25,57.625
-137.75,57.625,-137.75,57.625
-137.25,57.625,-137.25,57.625
-136.75,57.625,-136.75,57.625
-136.25,57.625,-136.25,57.625
-135.75,57.625,-135.75,57.625
-135.25,57.625,-135.25,57.625
-134.75,57.625,-134.75,57.625
-134.25,57.625,-134.25,57.625
-133.75,57.625,-133.75,57.625
-133.25,57.625,-133.25,57.625
-132.75,57.625,-132.75,57.625
-132.25,57.625,-132.25,57.625
-163.75,57.875,-163.75,57.875
-163.25,57.875,-163.25,57.875
-162.75,57.875,-162.75,57.875
-162.25,57.875,-162.25,57.875
-161.75,57.875,-161.75,57.875
-161.25,57.875,-161.25,57.875
-160.75,57.875,-160.75,57.875
-160.25,57.875,-160.25,57.875
-159.75,57.875,-159.75,57.875
-159.25,57.875,-159.25,57.875
-158.75,57.875,-158.75,57.875
-158.25,57.875,-158.25,57.875
-157.75,57.875,-157.75,57.875
-157.25,57.875,-157.25,57.875
-156.75,57.875,-156.75,57.875
-156.25,57.875,-156.25,57.875
-155.75,57.875,-155.75,57.875
-155.25,57.875,-155.25,57.875
-154.75,57.875,-154.75,57.875
-154.25,57.875,-154.25,57.875
-153.75,57.875,-153.75,57.875
-153.25,57.875,-153.25,57.875
-152.75,57.875,-152.75,57.875
-152.25,57.875,-152.25,57.875
-151.75,57.875,-151.75,57.875
-151.25,57.875,-151.25,57.875
-150.75,57.875,-150.75,57.875
-150.25,57.875,-150.25,57.875
-149.75,57.875,-149.75,57.875
-149.25,57.875,-149.25,57.875
-148.75,57.875,-148.75,57.875
-148.25,57.875,-148.25,57.875
-147.75,57.875,-147.75,57.875
-147.25,57.875,-147.25,57.875
-146.75,57.875,-146.75,57.875
-146.25,57.875,-146.25,57.875
-145.75,57.875,-145.75,57.875
-145.25,57.875,-145.25,57.875
-144.75,57.875,-144.75,57.875
-144.25,57.875,-144.25,57.875
-143.75,57.875,-143.75,57.875
-143.25,57.875,-143.25,57.875
-142.75,57.875,-142.75,57.875
-142.25,57.875,-142.25,57.875
-141.75,57.875,-141.75,57.875
-141.25,57.875,-141.25,57.875
-140.75,57.875,-140.75,57.875
-140.25,57.875,-140.25,57.875
-139.75,57.875,-139.75,57.875
-139.25,57.875,-139.25,57.875
-138.75,57.875,-138.75,57.875
-138.25,57.875,-138.25,57.875
-137.75,57.875,-137.75,57.875
-137.25,57.875,-137.25,57.875
-136.75,57.875,-136.75,57.875
-136.25,57.875,-136.25,57.875
-135.75,57.875,-135.75,57.875
-135.25,57.875,-135.25,57.875
-134.75,57.875,-134.75,57.875
-134.25,57.875,-134.25,57.875
-133.75,57.875,-133.75,57.875
-133.25,57.875,-133.25,57.875
-132.75,57.875,-132.75,57.875
-132.25,57.875,-132.25,57.875
-163.75,58.125,-163.75,58.125
-163.25,58.125,-163.25,58.125
-162.75,58.125,-162.75,58.125
-162.25,58.125,-162.25,58.125
-161.75,58.125,-161.75,58.125
-161.25,58.125,-161.25,58.125
-160.75,58.125,-160.75,58.125
-160.25,58.125,-160.25,58.125
-159.75,58.125,-159.75,58.125
-159.25,58.125,-159.25,58.125
-158.75,58.125,-158.75,58.125
-158.25,58.125,-158.25,58.125
-157.75,58.125,-157.75,58.125
-157.25,58.125,-157.25,58.125
-156.75,58.125,-156.75,58.125
-156.25,58.125,-156.25,58.125
-155.75,58.125,-155.75,58.125
-155.25,58.125,-155.25,58.125
-154.75,58.125,-154.75,58.125
-154.25,58.125,-154.25,58.125
-153.75,58.125,-153.75,58.125
-153.25,58.125,-153.25,58.125
-152.75,58.125,-152.75,58.125
-152.25,58.125,-152.25,58.125
-151.75,58.125,-151.75,58.125
-151.25,58.125,-151.25,58.125
-150.75,58.125,-150.75,58.125
-150.25,58.125,-150.25,58.125
-149.75,58.125,-149.75,58.125
-149.25,58.125,-149.25,58.125
-148.75,58.125,-148.75,58.125
-148.25,58.125,-148.25,58.125
-147.75,58.125,-147.75,58.125
-147.25,58.125,-147.25,58.125
-146.75,58.125,-146.75,58.125
-146.25,58.125,-146.25,58.125
-145.75,58.125,-145.75,58.125
-145.25,58.125,-145.25,58.125
-144.75,58.125,-144.75,58.125
-144.25,58.125,-144.25,58.125
-143.75,58.125,-143.75,58.125
-143.25,58.125,-143.25,58.125
-142.75,58.125,-142.75,58.125
-142.25,58.125,-142.25,58.125
-141.75,58.125,-141.75,58.125
-141.25,58.125,-141.25,58.125
-140.75,58.125,-140.75,58.125
-140.25,58.125,-140.25,58.125
-139.75,58.125,-139.75,58.125
-139.25,58.125,-139.25,58.125
-138.75,58.125,-138.75,58.125
-138.25,58.125,-138.25,58.125
-137.75,58.125,-137.75,58.125
-137.25,58.125,-137.25,58.125
-136.75,58.125,-136.75,58.125
-136.25,58.125,-136.25,58.125
-135.75,58.125,-135.75,58.125
-135.25,58.125,-135.25,58.125
-134.75,58.125,-134.75,58.125
-134.25,58.125,-134.25,58.125
-133.75,58.125,-133.75,58.125
-133.25,58.125,-133.25,58.125
-132.75,58.125,-132.75,58.125
-132.25,58.125,-132.25,58.125
-163.75,58.375,-163.75,58.375
-163.25,58.375,-163.25,58.375
-162.75,58.375,-162.75,58.375
-162.25,58.375,-162.25,58.375
-161.75,58.375,-161.75,58.375
-161.25,58.375,-161.25,58.375
-160.75,58.375,-160.75,58.375
-160.25,58.375,-160.25,58.375
-159.75,58.375,-159.75,58.375
-159.25,58.375,-159.25,58.375
-158.75,58.375,-158.75,58.375
-158.25,58.375,-158.25,58.375
-157.75,58.375,-157.75,58.375
-157.25,58.375,-157.25,58.375
-156.75,58.375,-156.75,58.375
-156.25,58.375,-156.25,58.375
-155.75,58.375,-155.75,58.375
-155.25,58.375,-155.25,58.375
-154.75,58.375,-154.75,58.375
-154.25,58.375,-154.25,58.375
-153.75,58.375,-153.75,58.375
-153.25,58.375,-153.25,58.375
-152.75,58.375,-152.75,58.375
-152.25,58.375,-152.25,58.375
-151.75,58.375,-151.75,58.375
-151.25,58.375,-151.25,58.375
-150.75,58.375,-150.75,58.375
-150.25,58.375,-150.25,58.375
-149.75,58.375,-149.75,58.375
-149.25,58.375,-149.25,58.375
-148.75,58.375,-148.75,58.375
-148.25,58.375,-148.25,58.375
-147.75,58.375,-147.75,58.375
-147.25,58.375,-147.25,58.375
-146.75,58.375,-146.75,58.375
-146.25,58.375,-146.25,58.375
-145.75,58.375,-145.75,58.375
-145.25,58.375,-145.25,58.375
-144.75,58.375,-144.75,58.375
-144.25,58.375,-144.25,58.375
-143.75,58.375,-143.75,58.375
-143.25,58.375,-143.25,58.375
-142.75,58.375,-142.75,58.375
-142.25,58.375,-142.25,58.375
-141.75,58.375,-141.75,58.375
-141.25,58.375,-141.25,58.375
-140.75,58.375,-140.75,58.375
-140.25,58.375,-140.25,58.375
-139.75,58.375,-139.75,58.375
-139.25,58.375,-139.25,58.375
-138.75,58.375,-138.75,58.375
-138.25,58.375,-138.25,58.375
-137.75,58.375,-137.75,58.375
-137.25,58.375,-137.25,58.375
-136.75,58.375,-136.75,58.375
-136.25,58.375,-136.25,58.375
-135.75,58.375,-135.75,58.375
-135.25,58.375,-135.25,58.375
-134.75,58.375,-134.75,58.375
-134.25,58.375,-134.25,58.375
-133.75,58.375,-133.75,58.375
-133.25,58.375,-133.25,58.375
-132.75,58.375,-132.75,58.375
-132.25,58.375,-132.25,58.375
-163.75,58.625,-163.75,58.625
-163.25,58.625,-163.25,58.625
-162.75,58.625,-162.75,58.625
-162.25,58.625,-162.25,58.625
-161.75,58.625,-161.75,58.625
-161.25,58.625,-161.25,58.625
-160.75,58.625,-160.75,58.625
-160.25,58.625,-160.25,58.625
-159.75,58.625,-159.75,58.625
-159.25,58.625,-159.25,58.625
-158.75,58.625,-158.75,58.625
-158.25,58.625,-158.25,58.625
-157.75,58.625,-157.75,58.625
-157.25,58.625,-157.25,58.625
-156.75,58.625,-156.75,58.625
-156.25,58.625,-156.25,58.625
-155.75,58.625,-155.75,58.625
-155.25,58.625,-155.25,58.625
-154.75,58.625,-154.75,58.625
-154.25,58.625,-154.25,58.625
-153.75,58.625,-153.75,58.625
-153.25,58.625,-153.25,58.625
-152.75,58.625,-152.75,58.625
-152.25,58.625,-152.25,58.625
-151.75,58.625,-151.75,58.625
-151.25,58.625,-151.25,58.625
-150.75,58.625,-150.75,58.625
-150.25,58.625,-150.25,58.625
-149.75,58.625,-149.75,58.625
-149.25,58.625,-149.25,58.625
-148.75,58.625,-148.75,58.625
-148.25,58.625,-148.25,58.625
-147.75,58.625,-147.75,58.625
-147.25,58.625,-147.25,58.625
-146.75,58.625,-146.75,58.625
-146.25,58.625,-146.25,58.625
-145.75,58.625,-145.75,58.625
-145.25,58.625,-145.25,58.625
-144.75,58.625,-144.75,58.625
-144.25,58.625,-144.25,58.625
-143.75,58.625,-143.75,58.625
-143.25,58.625,-143.25,58.625
-142.75,58.625,-142.75,58.625
-142.25,58.625,-142.25,58.625
-141.75,58.625,-141.75,58.625
-141.25,58.625,-141.25,58.625
-140.75,58.625,-140.75,58.625
-140.25,58.625,-140.25,58.625
-139.75,58.625,-139.75,58.625
-139.25,58.625,-139.25,58.625
-138.75,58.625,-138.75,58.625
-138.25,58.625,-138.25,58.625
-137.75,58.625,-137.75,58.625
-137.25,58.625,-137.25,58.625
-136.75,58.625,-136.75,58.625
-136.25,58.625,-136.25,58.625
-135.75,58.625,-135.75,58.625
-135.25,58.625,-135.25,58.625
-134.75,58.625,-134.75,58.625
-134.25,58.625,-134.25,58.625
-133.75,58.625,-133.75,58.625
-133.25,58.625,-133.25,58.625
-132.75,58.625,-132.75,58.625
-132.25,58.625,-132.25,58.625
-163.75,58.875,-163.75,58.875
-163.25,58.875,-163.25,58.875
-162.75,58.875,-162.75,58.875
-162.25,58.875,-162.25,58.875
-161.75,58.875,-161.75,58.875
-161.25,58.875,-161.25,58.875
-160.75,58.875,-160.75,58.875
-160.25,58.875,-160.25,58.875
-159.75,58.875,-159.75,58.875
-159.25,58.875,-159.25,58.875
-158.75,58.875,-158.75,58.875
-158.25,58.875,-158.25,58.875
-157.75,58.875,-157.75,58.875
-157.25,58.875,-157.25,58.875
-156.75,58.875,-156.75,58.875
-156.25,58.875,-156.25,58.875
-155.75,58.875,-155.75,58.875
-155.25,58.875,-155.25,58.875
-154.75,58.875,-154.75,58.875
-154.25,58.875,-154.25,58.875
-153.75,58.875,-153.75,58.875
-153.25,58.875,-153.25,58.875
-152.75,58.875,-152.75,58.875
-152.25,58.875,-152.25,58.875
-151.75,58.875,-151.75,58.875
-151.25,58.875,-151.25,58.875
-150.75,58.875,-150.75,58.875
-150.25,58.875,-150.25,58.875
-149.75,58.875,-149.75,58.875
-149.25,58.875,-149.25,58.875
-148.75,58.875,-148.75,58.875
-148.25,58.875,-148.25,58.875
-147.75,58.875,-147.75,58.875
-147.25,58.875,-147.25,58.875
-146.75,58.875,-146.75,58.875
-146.25,58.875,-146.25,58.875
-145.75,58.875,-145.75,58.875
-145.25,58.875,-145.25,58.875
-144.75,58.875,-144.75,58.875
-144.25,58.875,-144.25,58.875
-143.75,58.875,-143.75,58.875
-143.25,58.875,-143.25,58.875
-142.75,58.875,-142.75,58.875
-142.25,58.875,-142.25,58.875
-141.75,58.875,-141.75,58.875
-141.25,58.875,-141.25,58.875
-140.75,58.875,-140.75,58.875
-140.25,58.875,-140.25,58.875
-139.75,58.875,-139.75,58.875
-139.25,58.875,-139.25,58.875
-138.75,58.875,-138.75,58.875
-138.25,58.875,-138.25,58.875
-137.75,58.875,-137.75,58.875
-137.25,58.875,-137.25,58.875
-136.75,58.875,-136.75,58.875
-136.25,58.875,-136.25,58.875
-135.75,58.875,-135.75,58.875
-135.25,58.875,-135.25,58.875
-134.75,58.875,-134.75,58.875
-134.25,58.875,-134.25,58.875
-133.75,58.875,-133.75,58.875
-133.25,58.875,-133.25,58.875
-132.75,58.875,-132.75,58.875
-132.25,58.875,-132.25,58.875
-163.75,59.125,-163.75,59.125
-163.25,59.125,-163.25,59.125
-162.75,59.125,-162.75,59.125
-162.25,59.125,-162.25,59.125
-161.75,59.125,-161.75,59.125
-161.25,59.125,-161.25,59.125
-160.75,59.125,-160.75,59.125
-160.25,59.125,-160.25,59.125
-159.75,59.125,-159.75,59.125
-159.25,59.125,-159.25,59.125
-158.75,59.125,-158.75,59.125
-158.25,59.125,-158.25,59.125
-157.75,59.125,-157.75,59.125
-157.25,59.125,-157.25,59.125
-156.75,59.125,-156.75,59.125
-156.25,59.125,-156.25,59.125
-155.75,59.125,-155.75,59.125
-155.25,59.125,-155.25,59.125
-154.75,59.125,-154.75,59.125
-154.25,59.125,-154.25,59.125
-153.75,59.125,-153.75,59.125
-153.25,59.125,-153.25,59.125
-152.75,59.125,-152.75,59.125
-152.25,59.125,-152.25,59.125
-151.75,59.125,-151.75,59.125
-151.25,59.125,-151.25,59.125
-150.75,59.125,-150.75,59.125
-150.25,59.125,-150.25,59.125
-149.75,59.125,-149.75,59.125
-149.25,59.125,-149.25,59.125
-148.75,59.125,-148.75,59.125
-148.25,59.125,-148.25,59.125
-147.75,59.125,-147.75,59.125
-147.25,59.125,-147.25,59.125
-146.75,59.125,-146.75,59.125
-146.25,59.125,-146.25,59.125
-145.75,59.125,-145.75,59.125
-145.25,59.125,-145.25,59.125
-144.75,59.125,-144.75,59.125
-144.25,59.125,-144.25,59.125
-143.75,59.125,-143.75,59.125
-143.25,59.125,-143.25,59.125
-142.75,59.125,-142.75,59.125
-142.25,59.125,-142.25,59.125
-141.75,59.125,-141.75,59.125
-141.25,59.125,-141.25,59.125
-140.75,59.125,-140.75,59.125
-140.25,59.125,-140.25,59.125
-139.75,59.125,-139.75,59.125
-139.25,59.125,-139.25,59.125
-138.75,59.125,-138.75,59.125
-138.25,59.125,-138.25,59.125
-137.75,59.125,-137.75,59.125
-137.25,59.125,-137.25,59.125
-136.75,59.125,-136.75,59.125
-136.25,59.125,-136.25,59.125
-135.75,59.125,-135.75,59.125
-135.25,59.125,-135.25,59.125
-134.75,59.125,-134.75,59.125
-134.25,59.125,-134.25,59.125
-133.75,59.125,-133.75,59.125
-133.25,59.125,-133.25,59.125
-132.75,59.125,-132.75,59.125
-132.25,59.125,-132.25,59.125
-163.75,59.375,-163.75,59.375
-163.25,59.375,-163.25,59.375
-162.75,59.375,-162.75,59.375
-162.25,59.375,-162.25,59.375
-161.75,59.375,-161.75,59.375
-161.25,59.375,-161.25,59.375
-160.75,59.375,-160.75,59.375
-160.25,59.375,-160.25,59.375
-159.75,59.375,-159.75,59.375
-159.25,59.375,-159.25,59.375
-158.75,59.375,-158.75,59.375
-158.25,59.375,-158.25,59.375
-157.75,59.375,-157.75,59.375
-157.25,59.375,-157.25,59.375
-156.75,59.375,-156.75,59.375
-156.25,59.375,-156.25,59.375
-155.75,59.375,-155.75,59.375
-155.25,59.375,-155.25,59.375
-154.75,59.375,-154.75,59.375
-154.25,59.375,-154.25,59.375
-153.75,59.375,-153.75,59.375
-153.25,59.375,-153.25,59.375
-152.75,59.375,-152.75,59.375
-152.25,59.375,-152.25,59.375
-151.75,59.375,-151.75,59.375
-151.25,59.375,-151.25,59.375
-150.75,59.375,-150.75,59.375
-150.25,59.375,-150.25,59.375
-149.75,59.375,-149.75,59.375
-149.25,59.375,-149.25,59.375
-148.75,59.375,-148.75,59.375
-148.25,59.375,-148.25,59.375
-147.75,59.375,-147.75,59.375
-147.25,59.375,-147.25,59.375
-146.75,59.375,-146.75,59.375
-146.25,59.375,-146.25,59.375
-145.75,59.375,-145.75,59.375
-145.25,59.375,-145.25,59.375
-144.75,59.375,-144.75,59.375
-144.25,59.375,-144.25,59.375
-143.75,59.375,-143.75,59.375
-143.25,59.375,-143.25,59.375
-142.75,59.375,-142.75,59.375
-142.25,59.375,-142.25,59.375
-141.75,59.375,-141.75,59.375
-141.25,59.375,-141.25,59.375
-140.75,59.375,-140.75,59.375
-140.25,59.375,-140.25,59.375
-139.75,59.375,-139.75,59.375
-139.25,59.375,-139.25,59.375
-138.75,59.375,-138.75,59.375
-138.25,59.375,-138.25,59.375
-137.75,59.375,-137.75,59.375
-137.25,59.375,-137.25,59.375
-136.75,59.375,-136.75,59.375
-136.25,59.375,-136.25,59.375
-135.75,59.375,-135.75,59.375
-135.25,59.375,-135.25,59.375
-134.75,59.375,-134.75,59.375
-134.25,59.375,-134.25,59.375
-133.75,59.375,-133.75,59.375
-133.25,59.375,-133.25,59.375
-132.75,59.375,-132.75,59.375
-132.25,59.375,-132.25,59.375
-163.75,59.625,-163.75,59.625
-163.25,59.625,-163.25,59.625
-162.75,59.625,-162.75,59.625
-162.25,59.625,-162.25,59.625
-161.75,59.625,-161.75,59.625
-161.25,59.625,-161.25,59.625
-160.75,59.625,-160.75,59.625
-160.25,59.625,-160.25,59.625
-159.75,59.625,-159.75,59.625
-159.25,59.625,-159.25,59.625
-158.75,59.625,-158.75,59.625
-158.25,59.625,-158.25,59.625
-157.75,59.625,-157.75,59.625
-157.25,59.625,-157.25,59.625
-156.75,59.625,-156.75,59.625
-156.25,59.625,-156.25,59.625
-155.75,59.625,-155.75,59.625
-155.25,59.625,-155.25,59.625
-154.75,59.625,-154.75,59.625
-154.25,59.625,-154.25,59.625
-153.75,59.625,-153.75,59.625
-153.25,59.625,-153.25,59.625
-152.75,59.625,-152.75,59.625
-152.25,59.625,-152.25,59.625
-151.75,59.625,-151.75,59.625
-151.25,59.625,-151.25,59.625
-150.75,59.625,-150.75,59.625
-150.25,59.625,-150.25,59.625
-149.75,59.625,-149.75,59.625
-149.25,59.625,-149.25,59.625
-148.75,59.625,-148.75,59.625
-148.25,59.625,-148.25,59.625
-147.75,59.625,-147.75,59.625
-147.25,59.625,-147.25,59.625
-146.75,59.625,-146.75,59.625
-146.25,59.625,-146.25,59.625
-145.75,59.625,-145.75,59.625
-145.25,59.625,-145.25,59.625
-144.75,59.625,-144.75,59.625
-144.25,59.625,-144.25,59.625
-143.75,59.625,-143.75,59.625
-143.25,59.625,-143.25,59.625
-142.75,59.625,-142.75,59.625
-142.25,59.625,-142.25,59.625
-141.75,59.625,-141.75,59.625
-141.25,59.625,-141.25,59.625
-140.75,59.625,-140.75,59.625
-140.25,59.625,-140.25,59.625
-139.75,59.625,-139.75,59.625
-139.25,59.625,-139.25,59.625
-138.75,59.625,-138.75,59.625
-138.25,59.625,-138.25,59.625
-137.75,59.625,-137.75,59.625
-137.25,59.625,-137.25,59.625
-136.75,59.625,-136.75,59.625
-136.25,59.625,-136.25,59.625
-135.75,59.625,-135.75,59.625
-135.25,59.625,-135.25,59.625
-134.75,59.625,-134.75,59.625
-134.25,59.625,-134.25,59.625
-133.75,59.625,-133.75,59.625
-133.25,59.625,-133.25,59.625
-132.75,59.625,-132.75,59.625
-132.25,59.625,-132.25,59.625
-163.75,59.875,-163.75,59.875
-163.25,59.875,-163.25,59.875
-162.75,59.875,-162.75,59.875
-162.25,59.875,-162.25,59.875
-161.75,59.875,-161.75,59.875
-161.25,59.875,-161.25,59.875
-160.75,59.875,-160.75,59.875
-160.25,59.875,-160.25,59.875
-159.75,59.875,-159.75,59.875
-159.25,59.875,-159.25,59.875
-158.75,59.875,-158.75,59.875
-158.25,59.875,-158.25,59.875
-157.75,59.875,-157.75,59.875
-157.25,59.875,-157.25,59.875
-156.75,59.875,-156.75,59.875
-156.25,59.875,-156.25,59.875
-155.75,59.875,-155.75,59.875
-155.25,59.875,-155.25,59.875
-154.75,59.875,-154.75,59.875
-154.25,59.875,-154.25,59.875
-153.75,59.875,-153.75,59.875
-153.25,59.875,-153.25,59.875
-152.75,59.875,-152.75,59.875
-152.25,59.875,-152.25,59.875
-151.75,59.875,-151.75,59.875
-151.25,59.875,-151.25,59.875
-150.75,59.875,-150.75,59.875
-150.25,59.875,-150.25,59.875
-149.75,59.875,-149.75,59.875
-149.25,59.875,-149.25,59.875
-148.75,59.875,-148.75,59.875
-148.25,59.875,-148.25,59.875
-147.75,59.875,-147.75,59.875
-147.25,59.875,-147.25,59.875
-146.75,59.875,-146.75,59.875
-146.25,59.875,-146.25,59.875
-145.75,59.875,-145.75,59.875
-145.25,59.875,-145.25,59.875
-144.75,59.875,-144.75,59.875
-144.25,59.875,-144.25,59.875
-143.75,59.875,-143.75,59.875
-143.25,59.875,-143.25,59.875
-142.75,59.875,-142.75,59.875
-142.25,59.875,-142.25,59.875
-141.75,59.875,-141.75,59.875
-141.25,59.875,-141.25,59.875
-140.75,59.875,-140.75,59.875
-140.25,59.875,-140.25,59.875
-139.75,59.875,-139.75,59.875
-139.25,59.875,-139.25,59.875
-138.75,59.875,-138.75,59.875
-138.25,59.875,-138.25,59.875
-137.75,59.875,-137.75,59.875
-137.25,59.875,-137.25,59.875
-136.75,59.875,-136.75,59.875
-136.25,59.875,-136.25,59.875
-135.75,59.875,-135.75,59.875
-135.25,59.875,-135.25,59.875
-134.75,59.875,-134.75,59.875
-134.25,59.875,-134.25,59.875
-133.75,59.875,-133.75,59.875
-133.25,59.875,-133.25,59.875
-132.75,59.875,-132.75,59.875
-132.25,59.875,-132.25,59.875
-163.75,60.125,-163.75,60.125
-163.25,60.125,-163.25,60.125
-162.75,60.125,-162.75,60.125
-162.25,60.125,-162.25,60.125
-161.75,60.125,-161.75,60.125
-161.25,60.125,-161.25,60.125
-160.75,60.125,-160.75,60.125
-160.25,60.125,-160.25,60.125
-159.75,60.125,-159.75,60.125
-159.25,60.125,-159.25,60.125
-158.75,60.125,-158.75,60.125
-158.25,60.125,-158.25,60.125
-157.75,60.125,-157.75,60.125
-157.25,60.125,-157.25,60.125
-156.75,60.125,-156.75,60.125
-156.25,60.125,-156.25,60.125
-155.75,60.125,-155.75,60.125
-155.25,60.125,-155.25,60.125
-154.75,60.125,-154.75,60.125
-154.25,60.125,-154.25,60.125
-153.75,60.125,-153.75,60.125
-153.25,60.125,-153.25,60.125
-152.75,60.125,-152.75,60.125
-152.25,60.125,-152.25,60.125
-151.75,60.125,-151.75,60.125
-151.25,60.125,-151.25,60.125
-150.75,60.125,-150.75,60.125
-150.25,60.125,-150.25,60.125
-149.75,60.125,-149.75,60.125
-149.25,60.125,-149.25,60.125
-148.75,60.125,-148.75,60.125
-148.25,60.125,-148.25,60.125
-147.75,60.125,-147.75,60.125
-147.25,60.125,-147.25,60.125
-146.75,60.125,-146.75,60.125
-146.25,60.125,-146.25,60.125
-145.75,60.125,-145.75,60.125
-145.25,60.125,-145.25,60.125
-144.75,60.125,-144.75,60.125
-144.25,60.125,-144.25,60.125
-143.75,60.125,-143.75,60.125
-143.25,60.125,-143.25,60.125
-142.75,60.125,-142.75,60.125
-142.25,60.125,-142.25,60.125
-141.75,60.125,-141.75,60.125
-141.25,60.125,-141.25,60.125
-140.75,60.125,-140.75,60.125
-140.25,60.125,-140.25,60.125
-139.75,60.125,-139.75,60.125
-139.25,60.125,-139.25,60.125
-138.75,60.125,-138.75,60.125
-138.25,60.125,-138.25,60.125
-137.75,60.125,-137.75,60.125
-137.25,60.125,-137.25,60.125
-136.75,60.125,-136.75,60.125
-136.25,60.125,-136.25,60.125
-135.75,60.125,-135.75,60.125
-135.25,60.125,-135.25,60.125
-134.75,60.125,-134.75,60.125
-134.25,60.125,-134.25,60.125
-133.75,60.125,-133.75,60.125
-133.25,60.125,-133.25,60.125
-132.75,60.125,-132.75,60.125
-132.25,60.125,-132.25,60.125
-163.75,60.375,-163.75,60.375
-163.25,60.375,-163.25,60.375
-162.75,60.375,-162.75,60.375
-162.25,60.375,-162.25,60.375
-161.75,60.375,-161.75,60.375
-161.25,60.375,-161.25,60.375
-160.75,60.375,-160.75,60.375
-160.25,60.375,-160.25,60.375
-159.75,60.375,-159.75,60.375
-159.25,60.375,-159.25,60.375
-158.75,60.375,-158.75,60.375
-158.25,60.375,-158.25,60.375
-157.75,60.375,-157.75,60.375
-157.25,60.375,-157.25,60.375
-156.75,60.375,-156.75,60.375
-156.25,60.375,-156.25,60.375
-155.75,60.375,-155.75,60.375
-155.25,60.375,-155.25,60.375
-154.75,60.375,-154.75,60.375
-154.25,60.375,-154.25,60.375
-153.75,60.375,-153.75,60.375
-153.25,60.375,-153.25,60.375
-152.75,60.375,-152.75,60.375
-152.25,60.375,-152.25,60.375
-151.75,60.375,-151.75,60.375
-151.25,60.375,-151.25,60.375
-150.75,60.375,-150.75,60.375
-150.25,60.375,-150.25,60.375
-149.75,60.375,-149.75,60.375
-149.25,60.375,-149.25,60.375
-148.75,60.375,-148.75,60.375
-148.25,60.375,-148.25,60.375
-147.75,60.375,-147.75,60.375
-147.25,60.375,-147.25,60.375
-146.75,60.375,-146.75,60.375
-146.25,60.375,-146.25,60.375
-145.75,60.375,-145.75,60.375
-145.25,60.375,-145.25,60.375
-144.75,60.375,-144.75,60.375
-144.25,60.375,-144.25,60.375
-143.75,60.375,-143.75,60.375
-143.25,60.375,-143.25,60.375
-142.75,60.375,-142.75,60.375
-142.25,60.375,-142.25,60.375
-141.75,60.375,-141.75,60.375
-141.25,60.375,-141.25,60.375
-140.75,60.375,-140.75,60.375
-140.25,60.375,-140.25,60.375
-139.75,60.375,-139.75,60.375
-139.25,60.375,-139.25,60.375
-138.75,60.375,-138.75,60.375
-138.25,60.375,-138.25,60.375
-137.75,60.375,-137.75,60.375
-137.25,60.375,-137.25,60.375
-136.75,60.375,-136.75,60.375
-136.25,60.375,-136.25,60.375
-135.75,60.375,-135.75,60.375
-135.25,60.375,-135.25,60.375
-134.75,60.375,-134.75,60.375
-134.25,60.375,-134.25,60.375
-133.75,60.375,-133.75,60.375
-133.25,60.375,-133.25,60.375
-132.75,60.375,-132.75,60.375
-132.25,60.375,-132.25,60.375
